id,a1,a2,a3,a4,a5,a6,a7,a8,a9,a10,a11,a12,a13,a14,a15,a16,a17,a18,aa,ab,ac,ad,b1,b2,b3,b4,b5,b6,b7,b8,c1,c2,c3,c4,c5,c6,d1,d2,d3,d4,d5,d6,d7,d8,d9,d10,d11,d12,d13,d14,d15,d16,d17,da,db,dc,dd,e1,e2,e3,e4,e5,e6,e7,e8,e9,e10
1,3,4,3,5,4,4,5,5,4,3,3,4,5,5,5,4,5,5,3.75,4.5,3.8,4.8,3,5,2,3,2,4,4,5,4,3,3,4,5,5,2,3,5,4,4,5,5,4,4,3,3,3,3,2,2,2,2,3.5,4.4,3,2,2,1,4,5,3,1,1,1,7,2
2,5,5,5,5,5,5,4,5,3,3,3,2,4,5,5,1,3,4,5,4.75,3,3.6,5,5,5,3,1,1,5,5,1,1,2,1,2,1,4,4,4,3,1,3,1,1,1,1,1,2,1,1,2,2,2,3.75,1.4,1.25,1.75,2,1,6,5,1,1,1,1,6,1
3,4,4,4,5,4,4,5,5,4,4,4,5,5,4,4,4,5,5,4.25,4.5,4.4,4.4,4,4,4,2,4,4,4,4,4,4,5,5,4,5,4,4,4,4,5,5,4,4,4,5,5,5,4,4,4,5,5,4,4.4,4.75,4.5,2,2,2,3,3,2,1,1,7,1
4,5,5,5,5,5,5,5,5,5,4,5,5,5,5,5,4,4,4,5,5,4.8,4.4,5,5,5,4,4,4,5,5,4,4,4,2,5,4,3,1,4,3,4,5,5,2,2,4,4,4,4,2,2,1,3,2.75,3.6,4,2,2,2,2,1,3,1,1,1,3,1
5,4,4,5,5,5,5,5,5,5,4,5,5,5,5,5,4,5,5,4.5,5,4.8,4.8,5,5,5,4,4,4,5,5,4,4,4,2,5,4,3,1,4,3,4,5,4,2,2,4,4,4,4,2,2,1,3,2.75,3.4,4,2,2,2,2,1,3,1,1,1,8,1
6,3,4,3,5,4,4,5,5,4,3,3,4,5,5,5,4,5,5,3.75,4.5,3.8,4.8,3,5,4,3,4,4,4,5,4,3,3,4,5,5,2,3,5,4,4,5,5,5,4,3,3,3,3,2,2,2,2,3.5,4.6,3,2,2,1,4,5,3,1,1,1,7,2
7,5,5,5,5,3,3,4,5,4,4,3,3,4,3,4,4,5,4,5,3.75,3.6,4,5,5,5,4,4,4,5,5,5,4,2,4,4,4,3,4,4,4,4,4,5,5,4,2,3,2,2,3,2,2,4,3.75,4.4,2.25,2.75,2,2,2,6,2,2,1,1,4,1
8,5,5,5,5,2,2,2,5,2,2,4,2,4,3,5,3,5,4,5,2.75,2.8,4,5,5,5,5,3,5,5,5,5,5,4,4,5,5,4,4,4,4,5,5,5,5,5,4,4,5,5,4,4,4,4,4,5,4.5,4,2,2,4,6,3,1,1,1,3,2
9,5,5,5,5,3,3,4,5,4,4,3,3,4,3,4,4,5,4,5,3.75,3.6,4,5,5,5,4,4,4,5,5,5,4,2,4,4,4,3,4,4,4,5,5,5,4,4,2,3,2,2,3,2,2,3,3.75,4.6,2.25,2.5,2,2,2,6,2,2,1,1,6,1
10,5,5,5,5,2,2,2,5,2,2,4,2,4,3,5,3,5,4,5,2.75,2.8,4,5,5,5,5,3,5,5,5,4,4,4,5,5,5,4,4,4,4,5,5,5,5,5,4,4,4,3,4,4,4,4,4,5,3.75,4,2,2,4,6,3,1,1,1,7,1
11,2,4,4,4,4,4,4,4,4,4,4,4,4,5,5,5,5,5,3.5,4,4,5,5,5,5,5,1,5,5,5,4,4,4,4,5,5,4,4,4,4,5,5,5,5,5,3,3,4,3,4,4,4,4,4,5,3.25,4,2,2,4,3,2,4,1,1,1,2
12,4,4,4,4,3,3,4,5,3,3,3,4,4,4,5,5,5,5,4,3.75,3.4,4.8,5,5,4,4,4,4,5,5,5,4,4,3,3,3,4,4,4,4,5,5,5,5,5,4,4,4,4,3,3,2,2,4,5,4,2.5,2,1,4,3,1,2,1,1,7,1
13,5,5,5,5,5,5,5,5,2,2,2,2,2,3,4,3,4,5,5,5,2,3.8,5,5,5,5,5,5,4,4,4,4,2,3,4,4,4,4,3,4,4,4,4,3,3,2,2,2,2,3,4,4,4,3.75,3.6,2,3.75,2,1,6,3,2,4,1,2,6,1
14,5,5,5,5,5,5,5,5,2,2,2,2,4,4,4,4,4,4,5,5,2.4,4,5,5,5,5,5,5,5,5,2,1,1,3,2,1,2,2,2,2,4,4,4,4,4,1,1,1,1,1,1,1,1,2,4,1,1,2,1,4,5,2,4,1,1,8,1
15,4,4,3,3,2,2,4,2,4,4,4,4,5,4,3,3,3,3,3.5,2.5,4.2,3.2,4,4,4,4,1,1,4,4,4,2,4,4,4,4,4,4,4,4,5,5,5,5,4,3,3,4,3,4,4,3,3,4,4.8,3.25,3.5,2,2,3,1,4,1,1,1,2,1
16,4,4,4,4,3,3,4,5,3,3,3,4,4,4,5,5,5,5,4,3.75,3.4,4.8,5,5,4,4,4,4,5,5,5,4,4,3,3,3,4,4,5,5,5,5,5,5,5,3,3,3,3,4,4,3,3,4.5,5,3,3.5,2,1,4,3,1,2,1,1,6,1
17,4,4,4,4,4,4,4,4,4,3,3,3,3,4,4,4,4,4,4,4,3.2,4,5,5,5,5,5,5,5,5,4,4,4,4,4,4,4,3,4,4,4,4,4,4,4,4,4,4,4,4,3,3,4,3.75,4,4,3.5,2,2,4,3,2,1,1,1,5,1
18,5,5,5,5,5,5,5,5,4,4,3,3,3,5,5,5,5,5,5,5,3.4,5,5,5,5,5,5,5,5,5,5,5,4,4,5,4,4,4,4,4,4,3,3,3,3,3,3,3,3,3,3,2,3,4,3.2,3,2.75,2,2,3,3,2,5,1,1,1,2
19,2,2,5,5,3,4,5,5,5,3,3,4,4,4,5,5,5,5,3.5,4.25,3.8,4.8,4,4,4,3,3,3,4,4,4,3,3,3,4,3,4,4,4,4,3,3,3,3,3,3,3,3,3,4,4,3,3,4,3,3,3.5,2,2,2,3,2,3,1,1,2,1
20,5,5,5,5,4,4,4,4,4,4,4,4,4,3,3,4,4,4,5,4,4,3.6,5,5,5,1,1,3,3,3,1,2,1,2,2,1,3,4,4,4,4,5,5,5,5,4,5,4,4,3,2,2,3,3.75,4.8,4.25,2.5,2,2,2,3,1,2,1,1,7,4
21,5,5,5,5,2,4,5,5,3,2,3,3,3,4,4,3,4,5,5,4,2.8,4,5,5,5,5,5,1,5,5,5,5,5,5,5,5,3,4,5,5,2,3,5,5,5,5,5,5,5,5,5,5,3,4.25,4,5,4.5,1,2,2,3,3,1,4,2,6,1
22,5,5,5,5,5,5,5,5,2,1,2,1,4,4,4,4,4,5,5,5,2,4.2,3,3,4,3,2,1,4,4,3,4,4,4,4,4,2,2,4,4,4,3,3,2,4,3,3,4,4,3,4,3,2,3,3.2,3.5,3,1,2,2,1,4,1,1,1,5,1
23,4,4,4,4,3,4,4,4,4,3,3,3,4,2,3,4,4,3,4,3.75,3.4,3.2,5,5,5,3,3,3,4,4,4,4,4,3,3,4,3,3,4,3,3,3,4,4,4,3,3,3,3,3,2,2,3,3.25,3.6,3,2.5,2,2,2,3,3,4,1,1,9,1
24,2,2,5,5,3,4,5,5,5,3,3,4,4,4,5,5,5,5,3.5,4.25,3.8,4.8,4,4,4,3,3,3,4,4,4,3,3,3,4,3,4,4,5,5,3,4,4,4,4,3,3,3,3,4,4,3,3,4.5,3.8,3,3.5,2,2,2,3,2,3,1,1,7,1
25,5,5,5,5,5,5,5,5,3,3,3,3,3,5,5,5,5,5,5,5,3,5,3,5,5,5,5,1,5,5,5,5,5,5,5,5,5,3,3,1,3,3,5,5,5,5,5,5,5,3,3,1,3,3,4.2,5,2.5,2,2,3,3,1,5,1,1,7,1
26,5,5,5,5,5,5,5,5,2,1,2,1,4,4,4,4,4,5,5,5,2,4.2,3,3,4,3,2,1,4,5,3,2,4,4,4,4,2,2,4,4,4,3,3,2,2,3,3,4,4,3,4,3,2,3,2.8,3.5,3,1,2,2,1,4,1,1,1,8,1
27,3,4,4,5,3,4,4,5,5,4,5,5,5,2,4,4,4,5,4,4,4.8,3.8,5,5,5,5,5,3,5,5,5,2,2,4,4,4,4,3,4,4,4,5,5,5,5,3,4,3,3,4,3,3,4,3.75,4.8,3.25,3.5,1,2,3,3,4,3,1,1,4,1
28,5,5,5,5,5,5,5,5,2,2,2,2,2,3,4,3,4,5,5,5,2,3.8,5,5,5,4,4,5,5,5,4,4,2,3,4,4,4,4,3,4,4,4,4,3,2,2,2,2,2,3,4,4,4,3.75,3.4,2,3.75,2,1,4,3,2,4,1,2,10,1
29,4,5,5,5,4,4,4,5,3,3,3,4,4,4,4,4,4,4,4.75,4.25,3.4,4,5,5,5,5,5,5,5,5,4,4,2,3,4,4,3,3,4,4,3,4,4,3,3,3,3,2,2,3,3,3,3,3.5,3.4,2.5,3,2,2,4,3,3,6,1,1,3,2
30,4,4,4,4,3,3,4,5,3,3,3,4,4,4,5,5,5,5,4,3.75,3.4,4.8,5,5,4,4,4,4,5,5,5,4,4,3,3,3,4,4,4,4,5,5,5,5,5,4,4,4,4,3,3,2,2,4,5,4,2.5,2,1,4,3,1,2,1,1,4,1
31,4,4,4,2,2,4,4,4,3,3,3,3,3,4,4,4,4,4,3.5,3.5,3,4,3,5,5,5,3,5,2,2,3,2,3,3,4,3,4,4,4,3,3,3,4,4,4,3,4,3,3,3,3,1,3,3.75,3.6,3.25,2.5,2,2,3,3,1,3,1,1,1,2
32,4,4,4,4,4,4,4,4,2,2,4,4,4,4,4,4,4,4,4,4,3.2,4,5,5,5,5,1,5,3,5,3,4,4,4,4,4,4,5,5,5,5,5,5,5,5,3,3,4,4,4,5,1,5,4.75,5,3.5,3.75,2,1,4,6,1,3,1,1,6,1
33,4,4,5,4,4,4,5,3,3,4,4,4,4,4,4,4,5,5,4.25,4,3.8,4.4,5,5,4,4,5,5,5,5,4,4,3,4,4,4,2,3,4,4,4,4,5,5,5,3,3,3,3,4,4,3,3,3.25,4.6,3,3.5,2,2,3,6,3,5,1,3,6,1
34,5,5,5,5,3,4,4,5,3,3,4,3,5,4,4,3,4,5,5,4,3.6,4,5,5,5,5,3,5,5,5,5,3,3,4,3,5,4,4,4,4,4,4,4,4,3,4,4,4,4,5,2,2,4,4,3.8,4,3.25,2,1,6,3,1,3,1,1,8,1
35,4,4,4,4,3,4,3,4,2,2,2,3,3,4,4,3,3,4,4,3.5,2.4,3.6,5,5,5,5,3,3,5,5,4,3,4,4,3,4,3,3,2,3,3,4,3,4,4,4,3,4,3,4,3,3,4,2.75,3.6,3.5,3.5,2,1,5,3,2,4,1,2,1,2
36,4,4,4,4,5,5,5,5,5,5,5,5,5,4,4,4,4,4,4,5,5,4,5,5,5,4,4,4,5,5,2,3,2,2,2,4,3,4,4,4,4,4,4,5,5,3,3,3,3,3,3,3,3,3.75,4.4,3,3,2,2,5,6,1,3,1,1,2,1
37,5,5,5,5,4,5,5,5,2,2,4,4,4,4,4,4,5,5,5,4.75,3.2,4.4,5,5,5,5,4,4,5,5,2,4,2,2,4,4,2,2,2,2,2,4,4,4,4,2,2,2,2,2,2,2,2,2,3.6,2,2,2,1,4,3,1,4,1,1,5,2
38,4,4,4,4,3,4,3,4,2,2,2,3,3,4,4,3,3,4,4,3.5,2.4,3.6,5,5,5,5,3,3,5,5,4,3,4,4,3,4,3,3,2,3,3,4,3,4,4,4,3,4,3,4,3,3,4,2.75,3.6,3.5,3.5,2,1,5,3,2,4,1,2,2,1
39,5,5,5,5,4,5,5,5,4,4,4,5,5,4,4,5,5,5,5,4.75,4.4,4.6,5,5,5,4,5,5,5,5,2,4,2,4,4,4,4,4,4,4,5,5,5,5,5,3,3,3,3,3,3,3,3,4,5,3,3,2,1,4,3,1,4,1,1,1,1
40,4,4,4,4,5,5,5,5,5,5,5,5,5,4,4,4,4,3,4,5,5,3.8,5,5,5,4,4,4,5,5,2,3,2,2,2,4,3,4,4,4,4,4,5,5,5,3,3,3,3,3,3,3,3,3.75,4.6,3,3,2,2,5,6,1,3,1,1,3,1
41,5,5,5,5,4,5,5,5,2,2,4,4,4,4,4,4,5,5,5,4.75,3.2,4.4,5,5,5,5,4,4,5,5,2,4,2,2,4,4,2,2,2,2,2,5,5,5,5,2,2,2,2,3,3,3,3,2,4.4,2,3,2,1,4,3,1,4,1,1,2,2
42,4,4,4,4,4,4,4,4,4,3,3,4,4,2,4,4,4,4,4,4,3.6,3.6,5,5,4,4,4,4,5,5,4,4,2,3,3,4,3,3,4,4,4,4,4,4,4,3,3,3,3,3,2,2,2,3.5,4,3,2.25,2,1,4,5,2,1,1,1,2,2
43,5,5,5,5,5,5,5,5,4,4,3,4,4,5,5,5,4,5,5,5,3.8,4.8,5,5,5,4,4,4,5,5,3,3,3,3,4,3,2,3,4,4,4,4,4,5,5,4,3,4,4,3,3,3,3,3.25,4.4,3.75,3,2,2,3,6,4,1,1,1,8,1
44,4,4,4,4,2,2,4,3,5,5,5,5,5,5,5,5,4,5,4,2.75,5,4.8,5,5,5,4,4,4,5,5,3,3,3,3,4,3,2,3,4,4,4,4,5,5,5,4,3,4,4,3,3,3,3,3.25,4.6,3.75,3,2,2,3,6,4,3,1,1,4,4
45,4,3,5,4,4,5,5,5,4,4,4,4,4,3,3,4,4,5,4,4.75,4,3.8,3,2,2,3,4,3,4,5,4,4,4,4,3,4,4,4,4,3,4,3,4,3,4,4,4,4,4,4,4,1,2,3.75,3.6,4,2.75,2,2,1,1,2,1,1,1,7,1
46,5,5,5,5,3,3,3,5,3,3,3,3,3,3,3,3,3,3,5,3.5,3,3,5,5,3,3,3,3,5,5,2,3,2,2,3,3,3,3,3,3,4,4,4,4,4,4,4,4,4,3,3,3,3,3,4,4,3,2,2,2,1,2,1,1,1,10,1
47,4,4,4,4,2,2,4,4,4,2,2,4,2,2,2,2,4,4,4,3,2.8,2.8,5,5,5,3,4,4,5,4,3,2,2,3,4,4,2,2,4,4,4,4,4,4,3,3,3,3,3,3,2,2,3,3,3.8,3,2.5,2,2,2,1,2,1,1,1,2,1
48,4,4,4,4,4,4,4,4,4,4,4,4,4,4,4,4,4,4,4,4,4,4,3,3,3,3,3,3,5,5,4,4,4,4,4,4,4,4,4,4,4,4,4,4,4,4,4,4,4,4,4,4,4,4,4,4,4,2,2,2,1,2,1,1,1,5,1
49,3,3,4,4,3,3,4,4,4,3,3,3,4,3,5,3,5,4,3.5,3.5,3.4,4,5,4,3,3,3,3,4,3,3,2,2,2,3,4,4,3,3,3,4,4,4,2,3,3,3,2,3,2,2,2,2,3.25,3.4,2.75,2,2,2,2,1,2,1,1,1,1,1
50,3,3,3,3,4,4,4,4,4,4,4,4,4,4,4,4,4,4,3,4,4,4,3,3,3,3,3,3,3,5,4,4,3,4,4,4,3,3,5,3,3,3,3,3,3,4,3,3,3,3,3,3,5,3.5,3,3.25,3.5,2,2,2,1,2,1,1,1,1,1
51,2,2,2,2,1,1,1,1,4,5,4,4,5,4,5,4,4,4,2,1,4.4,4.2,4,4,4,2,2,2,5,5,1,2,1,1,1,1,1,1,4,1,4,5,4,4,5,4,5,4,4,2,1,1,1,1.75,4.4,4.25,1.25,1,2,4,1,5,9,1,1,10,5
52,5,5,5,5,4,5,5,5,3,4,4,4,4,4,4,4,4,5,5,4.75,3.8,4.2,5,5,5,5,5,5,5,5,4,3,4,4,4,4,4,3,4,4,4,4,4,4,4,2,2,2,2,2,2,2,2,3.75,4,2,2,2,2,4,4,1,3,1,1,2,2
53,1,1,1,1,1,1,4,4,5,2,2,4,5,5,4,2,3,4,1,2.5,3.6,3.6,5,5,5,5,5,5,5,5,4,3,2,4,4,4,4,4,4,2,2,3,3,3,3,2,2,2,2,2,2,2,2,3.5,2.8,2,2,2,1,5,5,1,2,1,1,2,1
54,4,4,4,4,4,4,4,4,4,3,3,4,4,4,4,4,4,4,4,4,3.6,4,5,5,5,5,5,5,5,5,4,4,2,3,4,4,4,2,4,3,4,4,4,4,4,3,3,3,3,3,2,2,3,3.25,4,3,2.5,2,2,4,4,1,3,1,1,7,2
55,5,5,5,5,4,4,4,5,5,3,3,4,4,4,4,4,4,4,5,4.25,3.8,4,5,5,5,5,2,2,5,5,5,4,3,4,4,5,3,3,4,4,5,5,5,5,4,5,5,5,5,2,2,1,3,3.5,4.8,5,2,2,2,3,3,2,2,1,1,1,2
56,4,5,5,5,4,4,5,5,5,4,4,5,5,5,5,5,5,4,4.75,4.5,4.6,4.8,5,4,5,4,4,4,5,5,3,3,3,4,4,4,4,4,4,4,3,4,4,3,4,3,3,4,3,3,3,3,3,4,3.6,3.25,3,2,1,5,4,2,3,1,1,6,1
57,4,4,4,4,4,4,4,4,4,4,4,4,4,4,4,4,4,4,4,4,4,4,5,5,5,5,4,4,5,5,4,4,3,3,3,3,4,4,4,4,4,4,4,4,4,3,3,3,3,3,3,3,3,4,4,3,3,2,1,7,5,1,4,1,1,6,2
58,4,4,4,4,4,4,4,4,2,2,2,4,4,4,4,4,4,4,4,4,2.8,4,5,5,3,3,2,3,5,5,2,2,2,2,4,2,4,4,4,4,3,3,3,3,3,3,3,3,3,2,2,2,2,4,3,3,2,2,2,4,4,3,3,1,1,2,1
59,4,4,5,4,4,5,5,5,5,4,4,4,5,5,5,5,5,5,4.25,4.75,4.4,5,5,5,2,3,3,3,5,5,2,2,2,1,2,2,4,4,5,4,4,5,5,5,5,2,3,3,3,2,2,2,2,4.25,4.8,2.75,2,2,1,5,4,3,5,1,1,9,1
60,3,5,4,5,4,5,5,5,3,3,2,3,4,3,4,4,4,4,4.25,4.75,3,3.8,5,5,5,5,3,5,5,5,5,5,2,4,4,4,4,2,3,4,5,5,5,5,3,5,5,5,5,2,1,2,3,3.25,4.6,5,2,2,2,4,4,2,3,1,1,9,1
61,5,5,5,5,4,4,4,4,4,4,4,4,4,3,4,3,4,4,5,4,4,3.6,5,5,5,5,5,5,5,5,5,5,1,3,3,4,3,3,3,4,4,3,3,3,3,4,4,4,4,3,3,3,3,3.25,3.2,4,3,1,2,2,1,2,1,1,1,2,1
62,3,3,4,4,4,4,4,4,4,4,4,4,4,4,4,4,4,4,3.5,4,4,4,5,5,5,5,5,5,5,5,5,3,1,3,4,4,4,4,4,4,4,4,4,4,4,4,4,5,5,4,3,3,4,4,4,4.5,3.5,1,2,2,1,2,1,1,1,8,1
63,4,4,4,4,4,3,4,5,4,4,4,4,4,4,4,4,4,4,4,4,4,4,5,5,5,5,5,5,5,5,5,2,1,3,3,3,3,3,3,3,4,3,3,4,4,4,4,4,4,3,3,3,3,3,3.6,4,3,2,2,2,1,2,1,1,1,10,1
64,4,3,4,4,3,3,3,3,3,3,3,3,3,3,3,3,3,3,3.75,3,3,3,5,5,5,5,5,5,5,5,4,3,2,3,3,3,3,3,3,3,3,3,3,3,3,4,4,4,4,3,3,3,3,3,3,4,3,1,2,2,1,2,1,1,1,10,1
65,3,3,3,3,3,3,3,3,3,3,3,3,3,3,3,3,3,3,3,3,3,3,5,5,5,5,3,3,5,5,5,3,3,3,3,3,3,3,3,3,3,3,3,3,3,3,3,3,3,3,3,3,3,3,3,3,3,1,2,2,1,2,1,1,1,8,1
66,3,3,3,3,3,3,3,3,4,4,4,4,4,3,3,3,3,3,3,3,4,3,5,5,5,3,3,3,3,3,3,3,2,3,3,3,3,3,3,3,3,3,3,3,2,4,4,4,4,3,3,3,3,3,2.8,4,3,1,2,1,1,2,1,1,1,8,1
67,4,4,5,4,3,4,4,4,3,3,3,3,3,3,3,3,3,3,4.25,3.75,3,3,5,5,5,5,3,3,5,5,5,3,1,3,3,3,3,3,3,4,3,3,3,3,3,4,3,4,4,3,3,3,3,3.25,3,3.75,3,1,2,2,1,2,1,1,1,3,1
68,4,3,4,4,3,3,3,3,4,4,4,4,4,3,3,3,3,3,3.75,3,4,3,5,5,5,5,5,5,5,5,4,3,3,3,4,4,3,4,4,4,4,3,4,4,4,4,4,4,4,4,3,3,4,3.75,3.8,4,3.5,1,2,2,1,2,1,1,1,2,1
69,4,4,4,4,5,5,5,5,4,4,4,5,5,5,5,5,5,5,4,5,4.4,5,4,4,4,3,3,3,5,5,4,4,4,5,4,4,4,4,4,4,5,4,5,5,5,4,4,4,4,3,3,3,3,4,4.8,4,3,1,2,2,1,2,1,1,1,2,1
70,4,4,4,4,3,3,3,3,4,4,4,4,4,3,3,3,3,3,4,3,4,3,5,5,5,5,5,5,5,5,4,3,2,3,3,3,4,3,3,4,3,3,3,3,3,3,3,4,4,3,3,3,3,3.5,3,3.5,3,1,2,2,1,2,1,1,2,10,1
71,3,3,3,3,4,3,3,3,3,3,3,3,3,4,4,3,3,4,3,3.25,3,3.6,4,4,3,2,3,3,4,4,4,4,4,4,3,3,4,4,4,4,3,3,3,3,3,4,3,4,4,4,3,3,4,4,3,3.75,3.5,1,2,2,1,3,1,1,1,4,1
72,4,4,4,4,5,5,5,5,3,3,3,3,3,5,5,5,5,5,4,5,3,5,5,5,5,1,3,3,5,5,4,4,4,4,4,5,5,5,5,5,4,4,4,4,4,2,2,2,2,2,2,2,2,5,4,2,2,2,2,2,1,2,1,1,1,8,1
73,2,2,2,2,3,3,3,3,4,4,4,4,4,3,3,3,3,3,2,3,4,3,4,4,5,5,5,5,5,5,4,4,2,2,2,2,4,3,4,3,3,4,4,4,4,4,4,4,4,3,3,3,3,3.5,3.8,4,3,2,1,4,3,2,3,1,1,9,5
74,3,3,3,3,2,2,2,2,3,3,3,3,3,4,4,4,4,4,3,2,3,4,5,5,5,5,5,5,5,5,4,4,4,4,4,4,4,4,4,4,4,4,4,4,4,2,2,2,2,2,2,2,2,4,4,2,2,2,1,4,4,1,3,1,1,2,1
75,4,5,5,5,4,5,5,5,3,3,3,3,3,4,4,3,5,4,4.75,4.75,3,4,5,5,5,5,5,5,5,5,1,3,1,2,4,4,4,4,3,4,4,4,4,4,4,4,4,4,4,4,3,3,3,3.75,4,4,3.25,2,1,6,4,1,3,1,1,5,2
76,3,3,3,3,3,4,3,3,4,3,3,3,3,4,4,4,4,4,3,3.25,3.2,4,5,5,5,5,5,5,5,5,4,4,4,4,3,4,44,3,3,4,4,3,3,3,4,3,4,4,4,4,4,4,4,13.5,3.4,3.75,4,2,2,3,6,1,3,1,1,1,1
77,3,3,3,3,2,2,2,2,3,3,3,3,3,4,4,4,4,4,3,2,3,4,5,5,5,5,5,5,5,5,2,2,1,1,1,1,3,3,3,3,2,2,2,2,2,2,2,2,2,3,3,3,3,3,2,2,3,2,2,2,3,2,3,1,1,6,2
78,4,4,4,4,5,5,5,5,4,4,4,5,5,5,5,5,5,4,4,5,4.4,4.8,4,5,5,3,3,3,4,4,4,3,4,4,4,5,4,5,5,5,4,4,4,4,4,3,4,4,3,4,4,4,3,4.75,4,3.5,3.75,2,2,3,1,3,1,1,1,2,1
79,4,4,5,5,5,5,5,5,4,4,4,5,4,5,5,5,5,5,4.5,5,4.2,5,5,5,4,5,5,4,5,5,4,5,4,5,5,5,5,5,5,5,4,4,5,4,4,4,5,4,5,5,5,5,5,5,4.2,4.5,5,2,2,3,3,3,2,1,2,2,1
80,4,4,5,4,4,4,3,4,4,3,3,4,3,4,4,5,4,4,4.25,3.75,3.4,4.2,5,5,4,5,5,3,5,5,4,3,4,5,3,4,3,4,4,4,3,4,4,5,5,4,4,5,5,4,5,5,3,3.75,4.2,4.5,4.25,2,1,4,5,2,1,1,1,6,1
81,2,2,2,2,2,2,3,2,4,4,4,4,4,3,3,3,3,3,2,2.25,4,3,5,5,5,5,3,3,5,5,4,3,4,4,3,3,4,4,4,4,3,3,3,3,3,3,3,3,3,2,2,2,2,4,3,3,2,2,1,6,6,1,1,1,1,2,1
82,4,4,4,4,2,2,2,2,4,4,4,4,4,4,4,4,4,4,4,2,4,4,5,5,5,5,2,4,5,5,2,2,2,2,4,2,4,4,4,4,4,4,4,4,4,2,2,2,2,2,2,2,2,4,4,2,2,2,1,5,6,1,4,1,2,6,2
83,3,4,3,4,4,4,5,5,4,3,3,5,4,4,4,4,5,4,3.5,4.5,3.8,4.2,5,5,5,3,4,2,4,4,4,4,4,5,5,5,4,4,4,5,3,3,4,5,5,4,4,4,5,4,4,4,5,4.25,4,4.25,4.25,2,2,4,3,3,1,2,3,8,1
84,3,3,2,3,4,4,5,5,4,4,4,5,5,5,5,5,5,5,2.75,4.5,4.4,5,5,5,4,3,3,2,4,4,4,4,4,5,5,5,4,5,5,4,5,4,5,5,5,4,4,5,4,4,3,3,3,4.5,4.8,4.25,3.25,2,2,3,1,3,1,1,1,7,1
85,4,4,5,5,4,4,5,5,4,4,4,5,5,5,5,5,5,5,4.5,4.5,4.4,5,5,5,4,4,4,4,5,5,4,3,4,4,5,5,5,5,5,5,4,4,5,5,5,4,4,5,5,4,4,3,4,5,4.6,4.5,3.75,2,2,3,3,3,3,1,1,1,1
86,3,3,3,3,4,4,4,3,4,4,4,4,5,4,4,4,4,4,3,3.75,4.2,4,5,5,3,3,3,3,3,3,3,4,3,2,4,4,3,4,4,3,4,4,5,5,4,3,4,4,4,3,3,3,3,3.5,4.4,3.75,3,2,2,2,1,2,1,1,1,1,1
87,5,5,5,5,4,4,4,5,4,5,5,4,5,4,4,5,5,5,5,4.25,4.6,4.6,5,5,1,3,1,1,5,5,2,3,1,2,4,3,2,2,4,2,4,4,4,4,4,1,1,1,1,1,1,1,1,2.5,4,1,1,1,2,4,2,4,5,1,1,7,1
88,4,4,4,4,3,4,4,4,4,3,3,4,4,4,4,4,4,4,4,3.75,3.6,4,5,5,5,3,3,3,3,3,2,3,2,3,4,4,2,2,3,2,4,4,4,4,4,2,2,2,2,3,2,2,3,2.25,4,2,2.5,2,2,2,1,2,1,1,1,2,1
89,3,2,2,2,4,4,5,5,4,4,4,5,5,5,5,5,5,5,2.25,4.5,4.4,5,4,4,4,4,4,4,5,5,4,3,4,4,5,5,4,4,5,4,5,3,5,5,5,4,3,4,3,4,2,1,3,4.25,4.6,3.5,2.5,2,1,5,5,1,1,1,2,6,1
90,5,5,5,5,4,4,5,5,4,4,4,4,4,4,4,4,5,5,5,4.5,4,4.4,5,5,3,3,3,3,5,5,4,3,3,4,4,4,4,4,4,4,4,4,4,4,4,4,4,4,4,4,4,3,3,4,4,4,3.5,2,2,3,3,2,3,3,3,7,1
91,4,4,4,4,4,4,4,4,3,3,3,3,3,3,4,4,4,3,4,4,3,3.6,5,5,5,5,1,5,5,5,4,3,5,3,4,3,4,3,3,4,4,4,4,4,4,4,4,4,4,4,3,3,3,3.5,4,4,3.25,2,1,4,3,2,2,1,1,10,5
92,2,2,2,2,5,5,5,5,4,4,4,5,5,5,5,5,5,2,2,5,4.4,4.4,4,4,4,4,2,2,5,5,4,2,3,4,4,4,4,4,5,5,4,4,5,5,5,4,4,5,5,4,4,2,2,4.5,4.6,4.5,3,2,2,4,3,3,2,1,1,5,4
93,5,5,5,5,5,5,5,5,4,3,3,4,4,5,5,4,4,4,5,5,3.6,4.4,5,5,4,4,3,4,4,5,4,3,4,3,4,4,4,4,5,4,5,5,5,5,5,4,4,4,4,4,4,4,4,4.25,5,4,4,2,1,3,5,2,1,1,2,2,1
94,3,3,4,3,3,4,5,3,4,4,3,3,4,4,3,3,4,4,3.25,3.75,3.6,3.6,4,4,1,4,4,4,5,4,4,3,3,4,3,4,4,4,4,3,4,4,3,4,4,4,3,3,4,4,4,3,4,3.75,3.8,3.5,3.75,2,1,5,5,1,3,1,2,1,2
95,4,4,5,5,5,5,5,5,4,4,4,4,4,5,5,4,4,4,4.5,5,4,4.4,4,4,5,5,5,5,4,4,5,4,4,4,5,5,4,4,4,4,5,5,5,5,5,4,4,4,5,4,4,4,4,4,5,4.25,4,1,2,3,3,3,4,1,1,8,1
96,2,3,3,4,3,4,4,4,5,4,4,5,4,4,4,5,4,3,3,3.75,4.4,4,4,4,4,3,4,4,5,4,3,4,3,4,4,3,4,4,3,3,3,3,4,4,3,4,4,3,3,4,4,4,4,3.5,3.4,3.5,4,2,1,5,3,1,3,1,2,3,1
97,4,4,4,4,3,3,5,5,3,3,3,4,4,3,3,3,4,4,4,4,3.4,3.4,4,4,4,2,2,2,4,4,4,4,4,4,4,4,4,4,4,4,4,4,4,4,4,3,3,4,3,4,4,4,3,4,4,3.25,3.75,2,1,4,6,1,3,2,3,1,2
98,4,5,5,5,4,3,4,4,4,3,3,4,3,4,4,3,3,3,4.75,3.75,3.4,3.4,4,4,3,3,3,3,3,3,4,4,3,3,2,2,4,4,4,4,5,5,5,5,5,3,3,3,3,3,3,3,3,4,5,3,3,2,1,5,3,1,3,2,3,1,2
99,4,3,4,5,4,3,4,5,4,4,4,3,3,4,4,3,3,5,4,4,3.6,3.8,4,4,5,4,5,4,3,4,3,3,3,4,4,3,3,4,4,4,4,4,3,3,5,4,4,4,5,4,4,4,3,3.75,3.8,4.25,3.75,1,1,5,4,2,5,1,1,3,1
100,5,4,5,3,5,4,5,5,3,4,4,4,5,5,4,5,4,4,4.25,4.75,4,4.4,5,5,5,4,4,1,5,5,3,3,1,3,4,5,5,4,4,5,4,5,4,4,5,3,4,4,5,3,3,2,4,4.5,4.4,4,3,2,2,3,3,1,2,1,1,7,2
101,4,4,4,4,3,4,4,5,3,3,3,4,4,3,4,4,4,4,4,4,3.4,3.8,4,4,5,4,3,4,4,4,4,4,3,5,4,5,4,4,5,5,5,5,5,5,5,4,4,4,4,3,3,3,3,4.5,5,4,3,2,2,3,3,3,3,1,1,2,1
102,3,5,5,5,3,4,5,5,5,5,3,5,5,4,5,4,5,5,4.5,4.25,4.6,4.6,5,4,4,4,3,3,3,5,5,5,2,3,5,5,3,3,3,3,3,4,3,4,3,4,4,4,4,3,3,3,3,3,3.4,4,3,2,2,3,7,4,5,1,1,9,1
103,4,4,4,4,3,3,4,4,5,3,3,4,5,4,4,4,4,4,4,3.5,4,4,5,5,3,5,5,5,5,5,4,4,4,4,4,4,3,3,3,3,4,4,4,4,4,3,3,3,3,3,3,4,3,3,4,3,3.25,2,2,3,3,1,3,1,1,2,1
104,4,4,4,1,4,5,5,5,4,1,4,4,4,2,4,4,4,4,3.25,4.75,3.4,3.6,5,5,5,5,1,5,5,5,2,2,1,2,1,2,2,2,2,4,4,4,4,4,4,2,2,4,4,2,2,2,2,2.5,4,3,2,2,2,1,1,1,1,1,1,2,1
105,3,4,4,4,4,4,4,4,3,3,3,3,3,3,3,3,3,3,3.75,4,3,3,4,4,4,3,3,3,4,4,4,4,4,4,3,3,4,4,4,4,3,3,3,3,3,4,4,4,4,3,3,3,3,4,3,4,3,2,2,1,1,1,2,1,1,9,1
106,5,5,5,5,3,3,4,5,4,3,3,3,4,5,5,5,5,4,5,3.75,3.4,4.8,5,5,5,5,5,5,5,5,5,4,2,3,4,4,4,3,4,4,3,4,4,2,3,3,3,3,3,2,2,2,2,3.75,3.2,3,2,2,2,3,3,3,3,1,1,2,2
107,2,2,2,2,4,4,4,4,5,5,5,5,5,5,5,5,5,5,2,4,5,5,5,5,3,3,3,3,5,5,2,2,2,2,4,2,2,2,2,2,4,4,4,4,4,3,3,3,3,2,2,2,2,2,4,3,2,2,2,3,7,3,4,1,1,2,1
108,4,4,5,5,4,5,5,4,4,3,4,4,4,4,5,4,4,5,4.5,4.5,3.8,4.4,5,5,5,5,5,5,5,5,4,4,3,4,4,4,3,3,4,3,4,4,4,4,4,3,3,3,4,2,2,2,2,3.25,4,3.25,2,2,1,7,5,1,1,1,1,2,2
109,4,5,5,5,4,4,5,5,3,3,4,5,4,3,3,4,4,4,4.75,4.5,3.8,3.6,5,5,5,5,5,5,5,5,4,5,4,5,4,4,4,3,4,4,3,4,4,5,5,4,5,5,5,3,3,4,4,3.75,4.2,4.75,3.5,1,2,2,3,3,3,1,2,7,1
110,3,3,4,3,5,3,5,4,5,3,3,4,3,5,3,5,5,5,3.25,4.25,3.6,4.6,5,5,5,5,5,1,5,5,5,5,3,1,4,3,3,3,3,5,3,3,3,3,3,5,5,5,5,3,4,3,3,3.5,3,5,3.25,1,2,2,4,1,9,1,1,2,1
111,4,4,4,4,4,4,4,4,3,3,3,3,3,4,4,4,4,4,4,4,3,4,3,3,3,3,3,3,3,3,4,4,4,4,4,4,3,3,3,3,4,4,3,4,4,3,3,3,3,4,3,3,4,3,3.8,3,3.5,1,1,4,3,3,3,1,1,10,2
112,4,4,4,4,4,4,4,4,3,3,3,3,3,4,4,4,4,4,4,4,3,4,5,5,1,5,5,5,5,5,3,3,3,3,3,3,3,3,3,3,4,3,3,4,4,3,3,4,4,3,3,3,3,3,3.6,3.5,3,2,2,3,3,3,3,1,1,2,2
113,4,4,4,4,5,5,5,5,4,4,4,4,5,4,4,4,4,5,4,5,4.2,4.2,1,2,5,3,3,4,1,1,2,2,3,3,4,3,2,3,3,3,4,4,4,3,3,2,2,2,2,2,2,2,2,2.75,3.6,2,2,2,2,3,3,3,5,1,1,9,1
114,3,3,3,3,4,4,4,4,4,4,4,4,4,4,4,4,4,4,3,4,4,4,5,5,5,5,5,5,5,5,4,4,4,4,4,4,4,4,4,4,4,4,4,4,4,4,4,4,4,4,4,4,4,4,4,4,4,1,1,4,3,2,3,1,1,10,1
115,4,4,4,4,4,4,4,4,4,4,4,4,4,4,4,4,4,4,4,4,4,4,5,5,5,5,5,5,5,5,4,4,4,4,4,4,4,4,4,4,4,4,4,4,4,4,4,4,4,4,4,4,4,4,4,4,4,2,2,2,3,2,3,1,1,10,2
116,4,4,3,3,4,4,4,4,2,2,2,2,2,3,3,3,3,3,3.5,4,2,3,5,5,5,5,5,5,5,5,4,4,4,4,4,4,4,4,4,4,4,4,4,4,4,4,4,4,4,4,4,4,4,4,4,4,4,2,2,2,3,3,3,2,3,2,2
117,5,5,5,5,5,5,5,5,4,4,4,4,4,5,5,5,5,5,5,5,4,5,5,5,5,4,4,4,4,4,4,4,4,4,5,5,5,5,5,5,4,4,4,5,5,4,4,4,4,4,4,4,4,5,4.4,4,4,2,2,3,3,4,3,2,3,2,2
118,4,4,4,4,5,5,5,5,4,4,4,4,4,4,4,4,4,4,4,5,4,4,5,5,5,5,4,4,5,5,4,4,4,4,5,5,5,5,5,5,4,4,4,4,4,4,4,4,4,4,4,4,4,5,4,4,4,2,2,2,3,3,3,2,3,2,2
119,3,3,3,3,4,4,4,4,4,4,4,4,4,4,4,4,4,4,3,4,4,4,5,5,5,5,5,5,5,5,4,4,4,4,4,4,5,5,5,5,4,4,4,4,4,4,4,4,4,4,4,4,4,5,4,4,4,1,1,4,3,3,3,1,1,1,1
120,4,4,4,3,4,5,4,3,4,4,4,4,5,4,4,4,4,4,3.75,4,4.2,4,4,4,4,4,3,4,4,4,4,3,3,4,4,4,3,4,4,4,3,3,4,3,3,3,3,3,3,3,3,4,3,3.75,3.2,3,3.25,1,2,3,3,3,3,1,1,2,1
121,4,4,4,4,5,5,5,5,4,4,4,4,4,4,4,4,4,3,4,5,4,3.8,4,4,4,4,3,4,5,5,4,3,4,4,4,4,4,4,4,4,5,5,5,4,4,4,4,4,4,3,3,3,3,4,4.6,4,3,1,2,3,3,2,3,1,1,10,1
122,4,4,4,4,3,3,3,3,3,3,3,3,3,4,4,4,4,4,4,3,3,4,5,5,5,5,5,5,5,5,4,5,4,4,4,4,2,2,3,2,2,2,2,2,2,2,2,2,2,2,2,2,2,2.25,2,2,2,1,1,5,3,3,3,1,1,1,1
123,3,3,3,5,5,5,5,5,3,3,3,3,3,3,3,5,4,5,3.5,5,3,4,5,5,5,5,5,5,5,5,5,4,4,5,5,5,3,5,4,4,3,5,5,5,5,4,4,4,4,4,4,4,4,4,4.6,4,4,2,2,1,1,1,1,1,1,1,1
124,5,5,5,5,5,5,5,5,4,4,4,4,4,5,5,5,5,5,5,5,4,5,5,5,4,4,5,4,5,5,4,5,5,5,5,5,5,5,5,5,5,5,5,5,5,4,4,4,4,5,5,5,5,5,5,4,5,1,2,1,1,1,2,1,1,1,1
125,4,4,4,4,5,5,5,5,3,3,3,3,3,5,5,5,5,5,4,5,3,5,5,5,5,5,5,5,5,5,4,4,4,4,4,4,4,4,4,4,4,4,4,4,4,5,5,5,5,4,4,4,4,4,4,5,4,2,2,1,1,1,3,1,2,4,1
126,4,4,5,4,4,5,5,4,3,3,3,5,5,4,5,5,4,5,4.25,4.5,3.8,4.6,5,5,4,4,4,5,4,5,5,4,3,3,4,4,4,3,5,4,3,4,3,5,3,4,4,3,5,4,3,3,3,4,3.6,4,3.25,1,2,2,3,2,3,1,2,7,1
127,4,4,4,4,4,4,4,4,3,3,3,3,3,3,3,3,3,3,4,4,3,3,5,5,5,5,5,5,5,5,3,3,3,3,4,4,2,2,2,2,3,4,3,3,4,3,3,3,3,2,2,2,2,2,3.4,3,2,2,2,1,1,1,2,1,1,7,1
128,4,4,4,4,5,5,5,5,4,4,4,4,4,4,4,4,4,4,4,5,4,4,5,5,5,5,1,1,5,5,4,4,2,2,4,4,4,2,2,2,4,4,4,4,4,4,4,4,4,4,2,2,4,2.5,4,4,3,2,2,1,1,1,1,1,1,2,1
129,5,5,5,5,4,4,4,5,4,4,4,4,4,4,4,5,5,5,5,4.25,4,4.6,5,5,5,5,5,5,5,5,5,5,5,5,5,5,2,2,4,4,4,4,4,5,5,3,3,3,3,3,3,3,3,3,4.4,3,3,2,2,3,3,2,3,1,1,8,1
130,5,5,5,5,3,4,5,5,3,3,3,3,3,4,4,4,4,4,5,4.25,3,4,4,4,4,4,3,4,5,5,4,4,2,2,3,3,2,2,4,4,4,4,4,4,4,5,5,5,5,3,3,4,4,3,4,5,3.5,1,2,4,3,4,4,1,1,9,1
131,4,4,4,4,4,4,4,4,3,3,3,3,3,3,3,3,3,3,4,4,3,3,5,5,3,3,3,3,4,4,4,3,4,4,4,4,3,3,3,3,3,4,4,4,4,3,3,3,4,3,3,3,3,3,3.8,3.25,3,2,2,4,3,3,5,1,1,2,1
132,3,3,3,2,3,3,3,3,5,5,5,5,5,5,5,5,5,5,2.75,3,5,5,5,5,3,3,1,3,5,5,3,3,2,3,3,3,2,2,2,2,3,5,4,3,3,2,2,2,3,1,1,1,1,2,3.6,2.25,1,1,2,3,3,3,3,1,1,10,5
133,3,3,4,4,3,4,4,4,3,3,3,3,3,4,4,4,4,4,3.5,3.75,3,4,5,5,5,5,5,5,5,5,4,3,4,3,3,3,2,4,3,4,4,4,4,4,3,3,3,3,4,4,2,3,3,3.25,3.8,3.25,3,2,2,7,3,3,5,1,1,10,2
134,4,4,4,4,4,4,4,4,4,3,3,4,4,4,4,4,4,4,4,4,3.6,4,5,5,5,5,5,5,5,5,4,4,2,2,3,3,2,2,4,4,4,4,4,4,4,5,5,5,5,3,3,4,4,3,4,5,3.5,2,1,4,7,4,5,1,1,2,2
135,4,4,5,4,4,4,5,5,4,4,4,4,4,5,5,4,5,5,4.25,4.5,4,4.8,5,5,5,5,5,5,5,5,4,4,4,4,5,5,4,4,4,4,4,4,4,5,4,4,4,4,4,4,4,4,4,4,4.2,4,4,2,2,4,3,3,5,1,2,6,2
136,5,5,5,5,5,5,5,5,4,3,4,4,4,4,4,4,4,4,5,5,3.8,4,5,5,5,5,5,5,5,5,4,4,4,4,4,4,5,5,5,5,4,4,4,4,4,4,4,4,4,4,4,4,4,5,4,4,4,2,2,2,3,3,3,1,1,7,2
137,4,4,4,4,4,4,4,4,3,3,3,4,4,4,4,4,4,4,4,4,3.4,4,5,5,5,5,5,5,5,5,4,5,4,4,4,4,4,4,4,5,5,4,4,5,4,5,4,4,5,4,4,4,4,4.25,4.4,4.5,4,2,1,3,3,3,3,2,2,2,2
138,3,3,3,3,4,4,3,4,4,3,3,3,3,5,4,5,3,4,3,3.75,3.2,4.2,4,4,3,4,4,3,4,4,5,4,5,4,4,4,4,4,4,3,5,4,4,3,4,4,3,4,4,4,4,4,4,3.75,4,3.75,4,1,2,2,3,2,3,1,1,10,1
139,4,4,4,4,3,3,4,4,4,4,4,4,4,4,4,4,4,4,4,3.5,4,4,4,4,5,5,5,5,5,5,4,4,4,4,4,4,5,5,5,5,4,4,4,4,4,4,4,4,4,4,4,4,4,5,4,4,4,2,2,3,3,2,1,1,1,7,1
140,4,4,4,4,5,5,4,4,4,4,4,4,4,4,4,4,4,4,4,4.5,4,4,5,4,5,5,5,5,5,5,4,4,4,4,4,4,4,5,4,4,4,3,3,3,3,4,4,4,4,4,4,4,4,4.25,3.2,4,4,2,1,1,3,2,3,1,1,2,2
141,4,4,4,3,4,4,4,4,4,4,4,4,4,4,4,4,4,4,3.75,4,4,4,5,5,5,5,5,5,5,5,4,5,4,4,4,4,5,5,5,5,4,4,5,5,5,4,4,4,4,4,4,4,4,5,4.6,4,4,2,2,2,3,3,3,2,2,2,2
142,4,4,4,4,5,5,5,5,4,4,4,5,5,5,5,5,5,5,4,5,4.4,5,5,5,5,5,5,5,5,5,4,5,4,4,4,4,5,5,5,5,4,4,5,5,5,4,4,4,4,4,4,4,4,5,4.6,4,4,2,2,2,3,3,3,1,1,2,2
143,4,4,4,4,4,4,4,4,3,3,3,3,3,4,4,4,4,4,4,4,3,4,5,5,5,5,5,5,5,5,4,5,4,4,4,4,4,4,4,4,4,4,4,4,4,4,5,5,5,4,4,4,4,4,4,4.75,4,2,1,4,3,3,3,1,2,2,2
144,4,4,5,4,5,5,5,5,4,4,4,4,4,4,4,4,4,4,4.25,5,4,4,5,5,5,5,5,5,5,5,4,5,4,4,4,4,4,4,4,4,3,3,3,3,3,4,4,4,4,4,4,4,4,4,3,4,4,1,2,2,3,3,3,1,1,10,1
146,5,5,5,5,3,3,5,5,3,3,3,5,5,5,5,5,5,5,5,4,3.8,5,5,5,5,5,5,5,5,5,3,3,2,3,3,5,2,2,2,2,4,3,2,2,2,3,3,3,3,2,2,2,2,2,2.6,3,2,1,2,1,1,1,1,1,1,9,1
147,5,5,5,5,4,4,5,4,3,3,3,3,3,4,4,3,4,4,5,4.25,3,3.8,4,4,4,4,5,5,5,5,4,5,4,4,4,4,4,4,4,4,4,4,4,4,4,3,3,3,3,4,4,4,4,4,4,3,4,2,2,1,1,1,1,1,1,7,1
148,4,4,4,4,5,5,5,5,3,3,3,4,4,4,4,4,4,4,4,5,3.4,4,4,4,4,4,3,4,5,5,4,3,4,4,5,5,5,5,5,5,3,4,4,4,4,4,3,4,4,3,3,3,3,5,3.8,3.75,3,2,2,1,1,1,1,1,1,9,1
149,3,4,4,4,3,3,3,3,3,3,3,3,3,3,3,4,3,3,3.75,3,3,3.2,5,5,5,5,5,5,5,5,2,2,3,3,4,3,3,3,3,3,3,2,3,3,4,3,3,4,3,3,3,3,3,3,3,3.25,3,2,2,1,1,1,1,1,1,10,5
150,3,4,4,4,5,5,3,4,4,3,4,4,5,4,4,3,5,4,3.75,4.25,4,4,5,5,4,5,5,3,5,5,4,3,4,5,3,4,3,4,4,4,3,4,4,5,5,4,4,5,5,4,5,5,3,3.75,4.2,4.5,4.25,2,1,3,5,2,2,2,4,1,2
151,4,3,5,4,3,4,5,4,4,4,3,2,4,4,5,3,5,4,4,4,3.4,4.2,5,5,5,5,5,1,1,5,3,4,3,2,3,2,4,4,3,3,1,3,4,5,4,4,4,3,2,1,3,3,4,3.5,3.4,3.25,2.75,1,2,1,1,1,1,1,1,1,1
152,5,5,5,5,3,3,4,4,2,3,3,3,3,3,3,3,3,3,5,3.5,2.8,3,5,5,5,1,1,1,1,1,3,3,1,3,3,3,2,2,4,2,2,2,2,2,2,2,2,2,2,2,2,2,2,2.5,2,2,2,2,2,1,1,1,1,1,1,3,1
153,3,4,2,5,3,3,4,5,5,5,5,5,5,3,4,3,4,5,3.5,3.75,5,3.8,5,5,5,5,5,5,5,5,4,1,3,3,5,5,4,4,4,4,3,3,3,3,3,2,2,2,2,1,1,1,1,4,3,2,1,1,2,1,1,1,1,1,1,7,1
154,4,4,4,4,5,5,5,5,4,4,4,4,4,4,4,4,4,4,4,5,4,4,5,5,3,3,3,3,5,5,3,3,3,2,3,3,2,2,2,2,4,4,4,4,4,4,4,4,4,3,3,3,3,2,4,4,3,2,1,4,3,3,3,1,1,8,1
155,4,4,4,4,4,4,4,4,3,3,3,3,3,4,4,3,4,4,4,4,3,3.8,5,5,5,5,5,5,5,5,3,3,3,3,4,4,4,4,4,4,4,4,4,4,4,4,4,4,4,3,3,3,3,4,4,4,3,2,2,4,3,1,3,1,1,10,5
156,2,2,4,4,5,5,5,5,4,4,4,4,4,5,5,5,5,5,3,5,4,5,5,5,5,5,5,1,1,1,2,2,2,2,2,2,2,2,2,2,4,4,4,4,4,2,2,2,2,2,2,2,2,2,4,2,2,2,1,7,3,2,5,1,1,5,4
157,4,4,4,4,3,4,4,5,3,3,3,3,2,3,4,4,4,4,4,4,2.8,3.8,4,4,4,4,3,4,4,4,4,3,4,4,4,4,4,4,4,4,4,4,3,3,3,2,3,2,2,2,2,2,4,4,3.4,2.25,2.5,2,1,7,3,1,5,2,2,8,1
158,3,3,3,4,4,4,4,4,3,3,3,4,4,4,4,3,3,3,3.25,4,3.4,3.4,1,1,1,1,1,1,1,1,3,1,3,3,3,3,4,4,4,4,3,3,3,3,3,2,2,2,2,3,3,3,3,4,3,2,3,2,1,7,3,1,4,2,2,10,1
159,4,4,4,4,2,2,4,5,4,1,1,1,1,4,4,4,4,4,4,3.25,1.6,4,5,5,4,4,3,4,5,5,2,2,2,1,2,2,1,1,1,1,1,1,1,1,1,1,1,1,1,1,1,1,1,1,1,1,1,2,2,3,3,4,5,1,1,9,1
160,3,3,3,3,4,4,4,4,3,3,3,4,4,4,4,4,4,4,3,4,3.4,4,4,4,4,4,3,4,5,5,4,3,4,4,4,4,5,5,5,5,3,3,4,4,4,4,3,3,3,3,3,3,3,5,3.6,3.25,3,1,1,7,3,1,3,1,1,2,1
161,4,4,4,4,4,5,5,5,4,3,3,4,4,5,4,4,4,4,4,4.75,3.6,4.2,5,5,5,5,5,5,5,5,4,4,3,3,3,4,4,4,4,3,4,4,4,4,4,4,4,4,3,4,4,3,4,3.75,4,3.75,3.75,2,1,7,2,8,8,2,3,1,2
162,5,5,5,5,5,5,5,5,5,3,4,4,4,5,5,5,5,5,5,5,4,5,5,5,5,5,5,5,5,5,2,2,2,4,4,4,4,4,4,4,4,4,4,4,4,3,3,3,3,3,3,3,3,4,4,3,3,2,2,6,3,1,4,1,1,5,4
163,5,5,5,5,5,5,5,5,2,2,2,3,4,5,5,5,5,5,5,5,2.6,5,5,5,5,5,5,5,5,5,5,3,4,2,5,4,4,4,3,4,4,5,5,3,5,3,2,2,2,2,2,2,2,3.75,4.4,2.25,2,2,1,7,3,1,8,2,2,1,2
164,4,4,4,4,2,2,4,4,4,3,4,5,5,4,4,4,4,5,4,3,4.2,4.2,3,3,4,4,1,3,5,5,3,2,2,2,4,4,3,3,4,4,4,4,4,4,4,4,3,3,4,3,2,2,2,3.5,4,3.5,2.25,2,1,4,7,3,6,1,1,10,2
165,5,5,5,5,4,3,5,5,2,2,3,3,4,4,3,3,4,5,5,4.25,2.8,3.8,4,5,5,3,3,3,3,3,3,4,3,2,4,3,2,3,3,3,4,4,4,5,4,3,3,2,3,4,3,2,3,2.75,4.2,2.75,3,2,1,4,3,2,3,1,1,4,2
166,5,5,5,5,5,5,5,5,3,3,3,3,3,5,5,5,5,5,5,5,3,5,5,5,5,5,5,5,5,5,4,5,4,4,4,4,5,5,5,5,4,4,4,4,4,4,3,3,3,3,3,3,3,5,4,3.25,3,1,2,1,1,1,1,1,1,10,5
167,3,3,3,3,4,4,4,5,3,3,3,3,3,4,3,2,3,4,3,4.25,3,3.2,3,3,3,3,2,2,3,4,1,2,2,1,2,2,2,2,2,2,1,1,1,1,2,1,1,2,2,1,1,1,1,2,1.2,1.5,1,1,2,1,1,1,1,1,1,2,1
168,3,3,5,5,4,3,4,5,4,4,4,4,4,4,5,5,5,5,4,4,4,4.8,5,5,5,5,5,5,5,4,5,4,4,4,4,4,2,3,2,1,4,4,4,4,4,5,5,5,5,3,3,3,3,2,4,5,3,1,2,1,1,1,2,1,1,3,1
169,5,5,5,5,5,4,5,5,4,4,4,4,5,4,5,4,4,4,5,4.75,4.2,4.2,5,5,5,5,5,5,5,5,3,4,3,4,3,3,3,4,4,3,4,4,4,4,4,3,3,3,3,2,2,3,3,3.5,4,3,2.5,1,2,1,1,1,2,1,1,2,1
170,5,5,5,5,5,5,5,5,5,5,5,5,5,3,5,5,4,5,5,5,5,4.4,5,5,5,5,1,5,5,5,3,3,2,3,5,5,3,3,4,3,4,4,4,4,3,3,3,3,3,2,2,3,2,3.25,3.8,3,2.25,2,2,1,1,1,1,1,1,10,1
171,5,5,5,5,3,3,4,5,4,3,4,4,4,4,5,5,5,5,5,3.75,3.8,4.8,5,5,5,5,5,5,5,5,4,3,3,3,4,4,4,4,4,3,2,2,3,2,3,3,2,2,2,2,2,2,2,3.75,2.4,2.25,2,2,2,2,3,1,2,1,1,2,1
172,4,4,4,4,4,4,4,4,2,2,2,2,2,3,3,3,3,3,4,4,2,3,4,4,4,2,4,4,4,4,4,3,4,3,3,3,4,4,4,4,3,3,3,4,3,3,3,3,3,2,2,2,2,4,3.2,3,2,2,2,1,1,1,3,1,1,10,1
173,4,4,4,4,4,4,4,4,4,3,3,4,4,4,4,4,4,4,4,4,3.6,4,5,5,5,5,5,5,5,5,4,4,4,3,4,4,5,5,5,5,4,3,4,5,5,4,3,4,4,4,4,4,4,5,4.2,3.75,4,2,2,1,1,1,1,1,1,2,1
174,3,3,3,3,4,4,4,4,3,3,3,5,5,4,4,4,4,4,3,4,3.8,4,5,5,5,5,3,5,5,5,4,3,2,3,3,4,3,2,3,4,3,3,2,3,3,4,3,3,2,3,4,3,3,3,2.8,3,3.25,1,2,1,1,1,2,1,1,7,1
175,3,4,2,1,3,2,4,5,4,4,2,1,1,2,2,3,1,5,2.5,3.5,2.4,2.6,4,3,4,5,4,1,1,1,1,3,2,4,5,5,2,3,1,4,4,4,3,2,1,2,2,1,3,4,3,2,4,2.5,2.8,2,3.25,1,2,1,1,1,2,1,1,9,1
176,3,3,3,3,4,4,4,4,3,3,3,4,4,4,4,4,4,4,3,4,3.4,4,4,4,4,3,3,4,5,5,5,4,5,3,5,4,3,5,4,4,4,4,3,5,4,3,4,3,3,4,5,3,4,4,4,3.25,4,2,2,2,6,2,4,1,1,10,1
177,5,5,5,5,3,5,5,5,3,3,3,4,4,3,4,4,5,3,5,4.5,3.4,3.8,5,5,4,4,3,4,4,4,4,3,4,3,3,4,4,4,4,5,4,4,4,5,3,4,4,4,5,4,3,3,3,4.25,4,4.25,3.25,2,2,1,1,1,1,1,1,7,1
178,3,3,3,3,4,4,4,4,4,4,4,4,4,3,3,3,3,4,3,4,4,3.2,5,5,5,5,5,5,5,5,4,4,3,3,3,3,3,4,4,3,3,4,3,3,4,3,3,3,3,3,3,3,3,3.5,3.4,3,3,2,2,1,1,1,2,1,1,5,4
179,3,3,3,3,4,4,4,4,4,4,4,4,4,3,3,3,3,3,3,4,4,3,1,1,1,1,5,1,5,5,3,3,2,2,4,2,2,2,2,2,3,3,3,3,3,3,3,3,3,2,2,2,2,2,3,3,2,1,2,1,1,1,2,1,1,3,1
180,4,4,4,4,4,4,4,4,4,4,4,4,4,4,4,4,4,4,4,4,4,4,1,1,1,5,5,1,5,5,3,3,2,2,3,3,3,3,3,3,3,3,3,3,3,3,3,3,3,2,2,2,2,3,3,3,2,1,2,1,1,1,1,1,1,9,1
181,3,5,4,4,3,3,4,3,3,5,4,5,3,4,3,4,4,3,4,3.25,4,3.6,4,4,3,4,4,4,5,4,3,4,4,3,4,3,4,3,4,4,4,4,3,4,3,4,4,4,5,4,4,3,4,3.75,3.6,4.25,3.75,1,1,6,4,2,4,1,2,4,2
182,5,5,5,5,3,3,4,4,4,4,4,4,4,4,4,3,3,3,5,3.5,4,3.4,5,5,3,3,3,3,5,5,3,3,4,4,4,4,3,3,4,4,3,4,4,3,3,4,4,4,4,4,4,4,4,3.5,3.4,4,4,2,2,3,4,4,4,2,3,1,2
183,4,4,4,4,4,4,4,4,2,2,2,4,4,4,4,4,4,4,4,4,2.8,4,5,5,5,5,5,5,5,5,5,3,2,3,4,3,3,3,4,4,2,2,4,2,2,2,3,3,3,2,2,2,2,3.5,2.4,2.75,2,2,2,4,4,3,4,1,1,9,1
184,3,4,4,4,4,5,5,5,5,4,5,5,5,5,5,5,5,5,3.75,4.75,4.8,5,5,5,2,4,3,3,4,4,5,3,5,5,5,5,4,4,5,4,4,4,5,5,5,5,5,5,5,5,4,3,4,4.25,4.6,5,4,2,1,7,5,2,7,3,2,8,4
185,4,4,5,5,2,3,5,4,4,4,4,5,5,5,5,5,5,5,4.5,3.5,4.4,5,4,4,4,4,3,2,4,4,4,3,4,5,5,5,5,5,5,4,4,5,5,4,4,4,3,4,4,4,3,3,3,4.75,4.4,3.75,3.25,2,2,2,1,3,1,1,1,4,3
186,5,5,5,5,5,5,5,5,3,3,3,3,3,4,2,3,4,4,5,5,3,3.4,3,3,3,3,1,1,2,2,2,3,2,4,4,4,1,3,4,4,4,4,4,5,2,3,2,2,3,3,2,1,2,3,3.8,2.5,2,1,1,3,4,2,2,1,1,2,1
187,4,3,3,5,4,4,5,3,3,4,3,3,4,5,3,4,3,5,3.75,4,3.4,4,3,4,4,4,4,3,4,4,3,3,4,4,3,3,3,3,3,4,3,4,4,4,3,3,3,4,4,4,4,4,3,3.25,3.6,3.5,3.75,1,1,4,4,1,5,1,2,2,1
188,4,5,4,4,5,5,5,5,5,5,5,5,5,4,4,4,5,5,4.25,5,5,4.4,4,4,4,4,4,4,4,5,4,4,4,3,5,5,4,4,4,5,4,4,5,5,5,4,4,5,5,4,3,4,3,4.25,4.6,4.5,3.5,2,2,2,1,3,1,1,2,2,2
189,3,3,3,3,4,4,4,4,4,4,4,4,4,3,3,3,3,3,3,4,4,3,4,4,3,3,3,3,3,3,4,3,4,4,3,3,4,3,4,3,3,3,3,3,3,3,3,3,3,2,2,2,2,3.5,3,3,2,2,2,2,1,3,1,1,1,2,1
191,4,4,4,4,5,5,5,5,4,4,4,5,5,5,5,3,5,5,4,5,4.4,4.6,4,5,4,3,5,3,4,4,4,5,4,5,5,5,3,4,3,5,5,5,5,5,5,5,5,4,5,4,4,5,3,3.75,5,4.75,4,2,1,4,5,2,1,1,5,1,2
192,4,4,4,4,4,4,4,4,4,4,5,5,5,4,4,4,4,4,4,4,4.6,4,5,5,4,4,3,4,5,5,4,3,4,4,4,4,3,4,4,4,4,4,4,4,4,3,3,4,4,4,4,4,4,3.75,4,3.5,4,1,2,4,4,1,4,2,2,2,1
193,5,5,5,5,5,5,5,5,5,5,5,5,5,4,4,4,4,4,5,5,5,4,5,5,5,3,3,3,5,5,4,4,4,4,4,4,5,5,5,5,5,5,5,5,5,4,4,4,4,4,4,4,4,5,5,4,4,2,1,4,4,2,3,1,1,1,1
194,5,5,5,5,5,5,5,5,5,5,5,5,5,5,5,5,5,5,5,5,5,5,5,5,5,5,5,5,5,5,5,2,1,3,5,5,3,4,4,4,4,4,4,4,4,1,1,1,1,2,1,1,1,3.75,4,1,1.25,2,2,4,4,3,4,1,1,4,3
195,3,2,3,4,3,4,2,3,3,4,4,5,3,3,4,5,4,4,3,3,3.8,4,4,4,4,3,4,4,5,4,3,4,4,4,3,4,4,3,3,4,4,4,3,4,4,4,3,3,4,4,3,3,4,3.5,3.8,3.5,3.5,2,1,4,5,2,3,2,3,2,1
196,3,4,4,3,3,2,3,4,4,5,4,3,4,4,4,5,5,4,3.5,3,4,4.4,4,4,3,4,4,5,4,3,3,3,4,4,4,4,4,4,4,3,3,4,4,4,3,3,4,4,5,4,4,4,4,3.75,3.6,4,4,1,2,2,1,2,1,1,4,5,3
197,4,4,5,5,3,3,4,4,3,3,4,4,4,4,4,4,4,4,4.5,3.5,3.6,4,5,5,5,4,4,4,5,5,4,4,4,4,4,4,3,3,3,3,4,4,4,4,4,4,4,4,4,4,4,3,4,3,4,4,3.75,1,2,3,4,2,4,1,1,2,1
198,4,4,3,2,3,3,4,5,4,4,3,5,5,4,4,3,4,5,3.25,3.75,4.2,4,4,4,4,3,4,4,4,5,3,3,4,3,4,4,4,4,3,3,4,4,4,3,4,4,4,4,3,4,4,4,3,3.5,3.8,3.75,3.75,1,2,2,1,1,2,1,1,3,1
199,4,4,5,5,1,2,5,5,5,5,4,5,5,5,5,5,5,5,4.5,3.25,4.8,5,5,5,5,5,2,1,5,5,5,2,4,4,5,4,5,5,5,5,3,4,4,4,5,4,4,3,4,4,4,3,3,5,4,3.75,3.5,2,1,5,5,1,1,1,1,5,4
200,4,5,5,5,4,4,5,5,3,3,3,4,5,4,5,5,5,4,4.75,4.5,3.6,4.6,2,2,2,5,3,3,5,5,4,3,2,2,4,4,1,1,4,1,4,4,4,4,4,2,2,2,2,1,1,1,1,1.75,4,2,1,2,2,3,4,3,4,1,1,4,3
201,5,4,5,3,4,3,5,4,3,3,4,3,5,4,4,3,4,5,4.25,4,3.6,4,4,4,4,3,4,4,3,4,3,4,4,4,3,4,4,4,3,4,4,3,3,4,4,4,4,3,3,4,4,5,4,3.75,3.6,3.5,4.25,1,1,5,4,1,4,2,2,2,1
202,5,5,5,5,4,4,5,5,4,4,4,4,4,4,4,4,4,5,5,4.5,4,4.2,5,5,3,3,3,3,5,5,3,3,3,4,4,4,3,4,4,3,4,4,4,4,4,3,3,4,4,4,4,3,3,3.5,4,3.5,3.5,2,1,4,4,2,3,3,2,2,1
203,4,4,4,4,4,4,5,5,3,3,3,4,4,4,3,3,4,4,4,4.5,3.4,3.6,5,5,4,4,4,4,5,5,4,4,4,4,4,4,4,4,4,4,4,4,4,4,4,4,4,4,4,4,4,3,4,4,4,4,3.75,2,2,2,3,1,2,4,4,7,1
204,5,5,5,5,4,4,5,5,5,5,5,4,4,4,4,3,4,4,5,4.5,4.6,3.8,5,5,5,5,5,5,5,5,3,3,3,4,4,4,4,4,4,4,4,4,4,4,3,4,3,3,4,3,3,3,3,4,3.8,3.5,3,1,1,6,4,1,4,2,3,2,1
205,3,3,4,3,3,4,4,5,5,4,4,4,3,4,3,4,4,4,3.25,4,4,3.8,4,4,3,3,4,4,4,4,3,3,3,4,4,3,4,4,3,3,4,4,3,4,4,4,4,5,4,4,4,3,4,3.5,3.8,4.25,3.75,1,2,2,2,1,1,2,1,1,2
206,5,5,5,5,3,3,4,4,3,3,3,4,4,4,4,3,3,4,5,3.5,3.4,3.6,4,4,4,3,4,2,4,5,4,4,3,3,3,3,3,3,4,4,3,3,4,3,3,4,3,3,3,3,4,3,3,3.5,3.2,3.25,3.25,1,1,5,4,1,4,1,1,2,1
207,5,5,5,5,3,3,4,4,4,3,4,4,3,4,4,3,4,4,5,3.5,3.6,3.8,5,5,5,5,5,5,5,5,4,4,4,5,5,5,4,4,5,5,4,4,4,4,4,4,4,4,4,4,4,5,4,4.5,4,4,4.25,2,1,5,4,1,3,4,4,7,2
208,5,5,5,5,3,4,4,4,5,3,3,4,4,3,4,4,4,5,5,3.75,3.8,4,5,5,5,5,1,4,5,5,1,2,1,2,2,4,4,3,3,2,3,3,3,3,3,3,3,3,3,3,3,3,3,3,3,3,3,1,2,5,2,2,5,1,1,1,1
209,5,5,5,5,3,3,5,5,4,4,4,4,4,3,3,3,4,4,5,4,4,3.4,5,5,3,3,3,3,5,5,4,4,4,5,5,5,3,4,4,4,4,5,5,3,4,3,3,4,4,3,4,3,4,3.75,4.2,3.5,3.5,2,1,6,1,3,3,4,4,1,2
210,4,4,5,4,4,4,3,4,4,3,3,4,3,4,4,5,4,4,4.25,3.75,3.4,4.2,4,4,5,4,5,4,5,4,4,5,4,4,5,4,4,5,4,4,4,4,4,4,5,4,4,5,4,3,4,4,4,4.25,4.2,4.25,3.75,2,2,2,1,3,1,1,1,1,1
211,3,3,4,4,4,4,5,5,4,4,4,5,5,5,5,5,5,5,3.5,4.5,4.4,5,5,5,5,5,5,3,5,5,5,5,4,5,5,5,4,4,5,5,4,4,5,5,4,4,3,4,3,4,4,3,4,4.5,4.4,3.5,3.75,2,2,3,3,3,2,1,1,5,3
212,2,2,2,1,3,2,2,3,3,3,3,3,3,2,4,3,3,3,1.75,2.5,3,3,2,2,4,2,2,2,2,2,1,3,1,1,3,4,1,1,1,1,2,4,2,4,3,1,1,1,1,1,1,1,1,1,3,1,1,1,2,2,1,2,2,2,2,2,1
213,3,4,3,3,3,3,4,4,3,4,4,4,5,4,4,3,4,5,3.25,3.5,4,4,4,4,3,4,4,5,4,4,4,3,3,4,4,3,4,3,3,3,4,4,4,3,3,3,4,4,4,4,4,4,3,3.25,3.6,3.75,3.75,2,1,3,3,2,2,2,2,1,2
214,4,4,3,4,5,4,3,4,4,3,4,4,3,4,4,3,3,4,3.75,4,3.6,3.6,3,4,3,4,4,3,4,5,4,3,3,3,4,4,4,3,3,4,5,4,4,3,4,3,4,4,3,3,3,4,3,3.5,4,3.5,3.25,1,1,5,4,2,5,1,2,8,1
215,4,4,4,4,4,4,4,4,4,4,4,4,4,3,3,3,3,3,4,4,4,3,4,4,3,3,2,2,4,4,4,4,4,4,4,4,5,5,5,5,4,4,4,4,4,4,4,4,4,4,4,3,4,5,4,4,3.75,2,1,5,4,2,4,1,2,7,1
216,4,5,4,5,5,5,5,5,4,4,4,4,4,5,5,5,5,5,4.5,5,4,5,5,5,5,5,5,5,5,5,5,4,4,4,4,4,4,4,4,4,5,5,5,5,5,4,5,5,5,4,4,4,4,4,5,4.75,4,2,2,2,1,3,2,1,1,9,1
217,4,4,4,4,3,3,5,5,4,4,4,4,4,4,4,3,4,4,4,4,4,3.8,4,4,3,3,3,3,4,4,3,3,3,4,3,4,4,4,5,5,4,4,4,4,4,3,3,4,4,4,4,3,4,4.5,4,3.5,3.75,1,2,4,4,3,4,2,2,2,1
218,4,4,4,4,4,4,4,4,4,4,4,5,5,4,4,4,4,4,4,4,4.4,4,5,5,5,5,5,5,5,5,5,5,5,5,5,5,4,4,4,4,5,5,5,5,5,4,4,4,4,4,4,4,4,4,5,4,4,2,1,4,3,1,3,2,2,2,1
219,5,4,4,4,5,4,3,3,4,4,3,4,5,4,4,4,3,4,4.25,3.75,4,3.8,5,4,4,5,4,3,4,5,3,4,3,3,4,2,4,3,4,4,3,4,4,3,4,4,3,3,4,3,3,4,3,3.75,3.6,3.5,3.25,2,2,2,6,3,2,1,3,5,2
220,4,4,4,4,4,4,4,4,5,5,5,5,5,4,4,4,4,4,4,4,5,4,4,4,3,3,3,3,3,3,4,3,4,4,3,3,3,3,3,3,3,3,3,3,3,2,2,2,2,2,2,2,2,3,3,2,2,1,2,3,6,1,4,2,2,2,1
221,5,5,5,5,3,3,4,4,4,4,4,4,4,5,5,5,5,5,5,3.5,4,5,5,5,3,3,2,3,4,4,4,4,4,4,4,4,4,4,4,4,5,5,5,5,5,4,4,4,4,3,3,3,3,4,5,4,3,1,2,4,4,1,3,1,1,6,1
222,4,4,5,5,3,4,5,5,2,2,2,5,5,5,5,5,5,5,4.5,4.25,3.2,5,5,5,4,4,4,3,4,4,4,4,3,5,5,4,4,4,5,5,4,4,5,5,5,4,4,5,5,4,4,3,4,4.5,4.6,4.5,3.75,2,1,5,5,1,3,1,1,9,1
223,4,4,5,5,4,4,5,5,4,4,5,4,4,4,5,5,5,5,4.5,4.5,4.2,4.8,5,5,3,3,3,3,5,5,4,4,4,4,4,4,4,4,4,4,4,4,4,4,4,3,3,3,3,4,4,4,4,4,4,3,4,2,2,4,6,2,3,4,5,1,2
224,4,4,4,4,4,4,5,5,4,4,4,4,4,4,4,4,4,4,4,4.5,4,4,5,5,3,3,3,3,5,5,3,3,4,3,3,3,3,3,4,3,3,4,4,3,3,3,3,4,3,4,4,3,3,3.25,3.4,3.25,3.5,2,1,3,6,2,2,4,4,1,2
225,5,4,4,5,4,4,5,5,4,3,3,4,4,4,4,3,4,3,4.5,4.5,3.6,3.6,4,4,4,4,3,5,4,5,4,3,4,4,3,4,4,3,4,5,4,3,4,4,5,4,4,4,4,3,4,3,3,4,4,4,3.25,2,2,2,6,2,3,2,2,1,1
226,4,4,4,5,5,5,4,4,5,5,5,5,5,4,4,4,5,5,4.25,4.5,5,4.4,5,5,5,4,4,4,4,4,5,5,5,4,4,4,4,4,4,4,5,5,5,5,5,4,4,4,4,4,4,5,5,4,5,4,4.5,2,2,4,3,3,3,1,1,9,1
227,2,2,2,2,2,4,4,4,4,4,2,5,5,5,5,5,5,5,2,3.5,4,5,5,5,5,4,4,2,4,4,4,3,4,4,4,5,4,4,5,5,4,5,5,4,4,4,3,4,4,4,3,3,3,4.5,4.4,3.75,3.25,2,1,4,6,1,2,1,1,5,3
228,4,4,5,5,2,4,5,5,4,5,4,5,5,5,5,5,5,5,4.5,4,4.6,5,5,5,4,4,4,3,5,5,4,3,4,4,4,4,4,4,4,5,3,4,4,4,4,4,4,5,4,4,4,3,4,4.25,3.8,4.25,3.75,2,1,5,3,1,2,1,1,9,1
229,5,5,5,5,4,4,4,5,3,3,3,3,3,4,3,3,4,4,5,4.25,3,3.6,4,4,4,5,2,5,4,5,4,3,4,4,5,4,4,3,4,4,4,3,5,5,4,4,4,5,4,3,3,2,3,3.75,4.2,4.25,2.75,1,1,4,4,1,4,1,1,2,1
230,5,4,4,4,4,3,4,4,4,4,4,3,3,4,4,3,3,3,4.25,3.75,3.6,3.4,4,4,2,2,3,3,4,4,4,4,4,4,4,4,4,4,4,4,4,4,4,5,5,4,4,4,4,4,4,4,4,4,4.4,4,4,2,1,5,4,1,3,2,2,2,1
231,4,4,4,4,3,3,3,3,3,3,3,3,3,4,4,4,4,4,4,3,3,4,5,5,5,3,3,3,3,3,4,4,4,4,4,4,5,5,5,5,5,5,5,5,5,4,4,4,4,4,4,4,4,5,5,4,4,1,2,3,6,2,4,1,1,5,2
232,5,5,5,5,5,5,5,5,5,5,5,5,5,3,5,5,5,5,5,5,5,4.6,5,5,5,5,5,5,5,5,5,5,5,5,5,5,5,5,5,5,5,5,5,5,5,5,5,5,5,5,5,5,5,5,5,5,5,2,2,1,1,1,1,2,5,4,3
233,4,4,3,4,4,3,2,3,3,5,4,5,3,4,4,5,5,4,3.75,3,4,4.4,3,4,4,3,4,4,3,4,3,3,3,4,5,3,3,3,4,2,3,4,4,4,3,4,4,3,3,4,4,3,3,3,3.6,3.5,3.5,2,2,1,1,2,1,1,1,4,1
234,3,4,3,3,3,3,4,3,3,4,4,5,4,3,4,3,4,4,3.25,3.25,4,3.6,4,3,4,3,3,4,5,5,3,3,3,4,3,3,4,3,3,3,3,4,4,4,4,4,3,3,4,5,4,4,4,3.25,3.8,3.5,4.25,1,1,5,3,3,6,2,3,1,2
235,4,4,4,4,3,4,4,5,4,5,3,3,4,3,3,3,3,4,4,4,3.8,3.2,5,5,5,4,4,3,5,5,3,4,4,4,3,5,3,3,4,4,3,3,4,4,4,3,4,4,3,3,2,3,3,3.5,3.6,3.5,2.75,2,2,2,1,3,1,1,1,9,1
326,5,5,5,5,3,3,5,5,5,3,4,5,4,4,4,3,3,4,5,4,4.2,3.6,5,5,4,2,2,3,5,5,4,4,4,4,4,4,4,4,4,4,3,3,4,4,4,4,3,4,4,4,4,4,4,4,3.6,3.75,4,2,1,2,4,1,2,3,4,2,1
237,4,3,3,4,4,4,4,3,4,3,4,4,4,4,3,4,5,4,3.5,3.75,3.8,4,3,3,4,5,3,3,4,4,3,4,4,4,4,5,3,3,4,4,4,5,4,5,5,5,5,4,4,4,3,3,3,3.5,4.6,4.5,3.25,2,1,5,3,1,3,1,1,7,2
238,4,4,4,4,3,3,4,4,4,4,4,4,4,4,4,4,4,4,4,3.5,4,4,5,4,4,4,3,3,4,5,4,4,4,4,4,4,4,4,4,4,4,4,4,4,4,4,3,4,4,3,3,3,3,4,4,3.75,3,1,1,4,4,1,3,1,2,2,1
239,5,5,5,5,5,5,5,5,4,4,4,4,4,4,4,4,4,4,5,5,4,4,5,5,5,1,3,1,4,4,4,4,4,4,4,4,5,5,5,5,4,4,4,4,4,5,5,5,5,3,3,3,3,5,4,5,3,2,2,4,3,3,3,2,2,2,1
240,4,4,4,4,3,3,3,3,4,4,4,4,4,4,4,4,4,4,4,3,4,4,5,5,3,3,3,3,5,5,4,4,3,4,3,3,5,5,5,5,4,4,4,4,4,3,3,3,3,3,3,3,3,5,4,3,3,2,1,5,5,2,1,1,1,2,1
241,4,4,4,4,4,4,4,4,4,4,4,4,4,4,4,4,4,4,4,4,4,4,5,5,3,3,3,3,5,5,4,3,3,3,3,3,4,4,4,4,4,4,4,4,4,3,3,3,3,3,3,3,3,4,4,3,3,1,2,2,1,3,1,1,1,2,1
242,5,5,5,5,5,5,5,5,4,4,4,4,4,4,4,4,4,4,5,5,4,4,4,4,4,4,4,4,4,4,4,4,4,4,4,4,4,4,4,4,4,4,4,4,4,4,4,4,4,3,3,4,4,4,4,4,3.5,2,1,4,4,2,3,2,3,2,1
243,5,5,5,5,4,4,4,4,4,4,4,4,4,4,4,4,4,4,5,4,4,4,4,4,4,4,2,2,4,4,4,4,4,4,4,4,4,4,4,4,4,4,4,4,4,3,3,3,3,3,3,3,3,4,4,3,3,2,1,4,3,1,3,2,2,2,1
244,4,4,4,4,4,4,4,4,4,3,3,4,4,4,4,4,4,4,4,4,3.6,4,5,5,3,3,3,3,4,4,4,4,4,4,4,4,4,4,4,4,4,4,4,4,4,5,4,5,4,4,4,3,3,4,4,4.5,3.5,2,1,4,4,2,3,2,1,3,1
245,4,4,4,4,2,2,4,5,5,5,5,5,5,5,5,5,5,5,4,3.25,5,5,5,5,4,4,4,4,4,4,4,4,4,4,4,5,4,4,4,4,5,5,5,5,5,4,4,4,4,4,4,4,4,4,5,4,4,2,1,3,3,3,3,1,1,2,1
246,3,3,4,4,4,5,4,3,3,3,3,4,5,4,4,3,4,4,3.5,4,3.6,3.8,4,4,4,3,4,3,4,4,4,4,3,3,3,4,4,4,4,3,3,3,4,4,4,4,4,3,5,4,4,3,4,3.75,3.6,4,3.75,1,1,3,4,2,5,2,2,4,3
247,3,3,4,3,3,5,4,3,4,4,3,4,3,3,4,3,4,5,3.25,3.75,3.6,3.8,4,3,4,4,3,3,3,4,4,3,3,3,4,5,4,4,3,4,4,5,4,3,3,3,3,4,4,4,3,4,3,3.75,3.8,3.5,3.5,1,2,3,2,4,5,1,1,5,2
248,3,4,4,4,1,5,5,5,5,5,3,4,5,4,4,4,4,5,3.75,4,4.4,4.2,5,5,5,4,4,3,1,1,3,2,4,4,4,4,4,4,3,4,5,5,5,5,5,2,2,2,3,3,2,2,5,3.75,5,2.25,3,2,2,2,1,3,1,1,1,2,1
249,3,3,4,4,3,3,4,5,4,4,3,4,5,4,4,3,4,5,3.5,3.75,4,4,3,4,4,3,4,4,3,3,3,4,4,4,3,4,4,4,3,4,4,3,3,3,4,3,3,3,4,4,5,4,3,3.75,3.4,3.25,4,2,1,4,5,1,3,2,2,8,1
250,4,4,4,5,4,4,4,5,4,3,3,5,5,5,5,4,4,5,4.25,4.25,4,4.6,5,5,3,3,3,5,5,5,4,4,3,4,4,4,3,4,5,4,4,5,5,5,5,5,5,5,5,4,2,3,4,4,4.8,5,3.25,2,1,4,5,3,3,1,1,7,1
251,3,4,3,3,3,4,4,3,3,4,4,5,4,4,5,5,4,5,3.25,3.5,4,4.6,4,4,4,3,4,4,5,5,3,4,4,3,3,4,4,4,4,4,4,3,3,4,4,4,5,4,3,4,4,3,4,4,3.6,4,3.75,1,1,5,3,1,2,2,2,4,1
252,5,4,4,4,3,4,5,4,4,4,5,4,5,4,4,5,5,5,4.25,4,4.4,4.6,4,4,4,3,4,5,4,4,3,4,4,3,4,5,4,4,3,3,4,4,4,3,3,3,4,4,4,4,4,5,4,3.5,3.6,3.75,4.25,2,1,5,5,1,2,2,2,3,1
253,4,4,4,4,5,5,5,5,4,4,4,4,4,4,4,4,4,4,4,5,4,4,5,5,4,4,4,4,5,5,4,4,4,5,5,5,4,4,4,4,4,4,4,4,4,5,5,4,4,4,4,4,4,4,4,4.5,4,2,1,3,3,1,2,3,3,2,1
254,5,5,5,5,4,4,5,5,3,3,3,3,3,3,3,4,4,4,5,4.5,3,3.6,5,5,5,3,3,3,5,5,2,3,3,3,3,4,4,3,4,3,3,3,3,3,3,2,2,2,3,3,2,2,3,3.5,3,2.25,2.5,1,2,4,3,2,3,1,1,9,1
255,4,4,4,4,3,3,3,3,3,3,3,3,3,4,4,4,4,4,4,3,3,4,4,4,3,3,3,3,4,4,4,4,3,3,3,3,4,4,4,4,3,3,3,3,3,3,3,3,3,2,2,2,2,4,3,3,2,1,1,5,4,2,4,2,2,2,1
256,3,3,3,3,4,4,4,4,3,3,3,3,3,3,4,4,4,4,3,4,3,3.8,5,5,5,5,5,5,5,5,4,4,4,3,4,3,5,5,5,5,5,3,4,4,4,3,3,3,3,3,3,3,3,5,4,3,3,1,2,2,1,3,2,1,1,2,1
257,3,3,3,4,3,3,5,3,5,4,3,5,5,5,5,4,4,4,3.25,3.5,4.4,4.4,5,5,5,3,5,1,5,5,5,4,4,4,3,5,5,3,4,3,4,5,3,5,5,3,3,3,5,5,4,3,3,3.75,4.4,3.5,3.75,1,2,2,1,3,1,1,1,2,1
258,4,4,4,4,4,4,5,5,5,4,3,3,3,4,4,4,4,4,4,4.5,3.6,4,5,4,3,3,3,3,5,5,4,3,4,4,4,4,2,2,3,3,3,4,4,4,3,4,2,4,4,4,2,3,3,2.5,3.6,3.5,3,2,2,2,1,3,1,1,1,1,1
259,4,5,5,3,3,4,4,5,4,3,5,3,4,4,4,4,4,4,4.25,4,3.8,4,4,4,3,3,3,3,4,4,4,3,4,4,4,4,3,3,4,5,4,5,5,3,3,3,3,3,4,4,4,4,3,3.75,4,3.25,3.75,1,2,2,1,3,1,1,1,1,1
260,4,4,4,3,5,5,4,4,3,3,3,3,3,4,4,4,4,4,3.75,4.5,3,4,4,5,4,4,4,4,4,4,4,4,2,3,4,3,2,2,4,4,4,3,4,4,3,3,4,4,4,3,2,2,3,3,3.6,3.75,2.5,1,2,2,1,3,2,1,1,5,1
261,4,4,5,5,4,4,5,5,3,3,3,5,4,5,5,4,5,5,4.5,4.5,3.6,4.8,5,5,5,5,5,5,5,5,4,4,2,4,2,4,4,4,3,4,4,4,5,5,5,2,2,3,4,3,3,2,3,3.75,4.6,2.75,2.75,1,2,2,1,3,1,1,1,3,1
262,4,2,4,4,4,4,4,4,3,3,3,3,3,4,4,4,4,4,3.5,4,3,4,5,5,4,4,4,4,4,4,5,4,2,3,4,4,4,4,4,4,3,3,3,3,3,4,4,4,4,2,2,2,2,4,3,4,2,1,2,2,1,3,2,1,1,2,1
263,5,5,5,5,4,4,4,5,4,3,3,3,4,4,4,4,5,4,5,4.25,3.4,4.2,4,4,2,2,3,3,3,3,4,4,4,3,3,4,4,4,4,3,4,4,4,3,4,4,3,3,4,4,4,4,3,3.75,3.8,3.5,3.75,2,2,1,1,2,1,1,1,2,1
264,3,3,4,4,2,4,4,5,3,3,2,4,4,5,4,3,2,3,3.5,3.75,3.2,3.4,5,3,4,4,2,3,5,5,2,3,2,2,3,4,4,2,4,3,4,4,4,5,3,3,3,4,5,2,3,2,3,3.25,4,3.75,2.5,2,2,2,1,2,1,1,1,1,4
265,5,5,5,5,5,5,5,5,3,3,3,3,3,4,4,4,4,4,5,5,3,4,5,5,5,5,5,5,5,5,3,3,3,3,4,4,1,1,1,3,4,4,4,4,4,3,3,3,3,2,2,2,2,1.5,4,3,2,2,2,2,1,2,1,1,1,8,1
266,5,4,4,4,5,5,5,4,5,5,5,5,4,5,5,5,5,5,4.25,4.75,4.8,5,5,5,5,5,5,5,5,5,5,5,4,4,4,5,4,4,4,4,4,4,4,4,4,5,4,4,4,4,4,4,4,4,4,4.25,4,1,1,5,3,1,3,1,2,1,1
267,5,5,5,5,5,4,4,4,5,4,4,4,4,4,4,4,4,5,5,4.25,4.2,4.2,5,5,5,5,5,5,5,5,5,5,4,4,4,4,5,5,4,4,4,4,4,4,4,4,4,4,4,5,4,4,4,4.5,4,4,4.25,1,1,1,1,2,3,1,2,7,1
268,4,4,4,5,4,4,4,4,5,5,4,4,4,4,4,5,4,4,4.25,4,4.4,4.2,5,5,5,5,5,5,5,1,5,5,5,4,5,5,5,5,5,5,5,5,5,4,5,5,5,5,5,4,4,5,5,5,4.8,5,4.5,2,2,5,5,3,5,2,2,9,1
269,5,5,4,4,4,4,4,4,4,4,4,4,4,4,4,5,4,3,4.5,4,4,4,5,5,5,5,4,5,5,5,5,5,5,4,4,4,4,4,4,4,5,4,4,4,4,4,4,4,4,4,4,4,4,4,4.2,4,4,1,2,5,2,2,5,2,4,9,1
270,4,4,5,4,4,4,5,4,4,4,4,3,4,4,4,4,4,5,4.25,4.25,3.8,4.2,5,5,5,5,5,5,5,1,4,4,5,4,4,5,4,4,5,4,4,4,4,4,4,4,4,4,4,4,4,4,4,4.25,4,4,4,1,1,3,4,2,5,2,2,9,1
271,4,5,4,4,5,4,5,5,2,4,5,5,4,4,3,5,3,4,4.25,4.75,4,3.8,5,5,5,5,5,5,5,5,4,3,3,4,4,3,3,4,4,3,5,5,5,4,4,4,4,5,4,3,2,2,1,3.5,4.6,4.25,2,2,1,7,4,1,2,1,1,2,1
272,2,3,4,5,4,4,4,4,3,3,3,3,3,3,3,3,3,3,3.5,4,3,3,1,1,5,1,1,1,1,1,2,3,1,3,4,4,3,3,3,3,3,3,3,3,3,2,2,2,1,2,2,3,3,3,3,1.75,2.5,1,1,6,2,1,5,1,1,6,1
273,4,4,5,4,4,4,5,4,5,4,4,4,5,4,4,4,5,4,4.25,4.25,4.4,4.2,5,5,5,5,5,5,5,5,3,4,5,5,4,4,4,4,4,5,4,4,4,3,4,4,4,4,4,4,4,4,4,4.25,3.8,4,4,1,1,6,3,2,3,1,3,1,1
274,4,4,3,4,4,4,4,4,3,4,5,5,4,5,5,5,5,4,3.75,4,4.2,4.8,5,5,5,5,5,5,5,5,4,4,4,4,4,4,4,4,4,3,4,4,4,4,4,4,4,4,4,4,4,4,4,3.75,4,4,4,2,1,5,5,2,5,1,2,4,1
275,5,5,5,5,5,5,5,5,4,2,4,3,4,4,4,4,5,4,5,5,3.4,4.2,5,5,5,5,1,1,5,1,5,1,1,1,5,4,3,4,3,3,4,4,3,4,4,4,4,5,4,3,3,4,4,3.25,3.8,4.25,3.5,2,1,5,5,1,3,1,1,7,1
276,4,5,5,3,5,4,4,5,4,4,4,4,4,4,4,4,4,4,4.25,4.5,4,4,5,5,5,5,5,5,5,1,4,4,4,4,4,4,4,4,4,4,4,4,4,4,4,4,4,4,4,4,4,4,5,4,4,4,4.25,2,1,5,5,4,5,2,4,5,1
277,4,4,4,4,5,4,4,4,4,4,4,4,4,4,4,4,4,4,4,4.25,4,4,5,5,5,5,5,5,5,5,5,4,4,4,4,4,4,4,4,4,4,4,4,4,4,4,4,4,4,4,4,4,4,4,4,4,4,1,1,4,3,2,5,2,2,1,1
278,5,5,5,5,4,5,4,4,4,4,4,3,4,5,5,4,4,4,5,4.25,3.8,4.4,5,5,5,5,4,5,5,1,4,4,4,5,4,4,4,4,4,4,4,4,4,4,4,4,4,5,4,4,4,4,3,4,4,4.25,3.75,2,2,2,1,1,2,1,2,5,1
279,4,4,5,5,4,4,5,4,4,3,3,4,4,4,5,5,4,4,4.5,4.25,3.6,4.4,5,5,5,5,5,5,5,1,1,2,2,2,3,3,3,4,4,3,4,5,5,5,4,4,4,4,4,5,3,2,2,3.5,4.6,4,3,1,2,6,3,1,3,1,2,5,2
280,5,5,5,5,4,4,4,4,3,3,3,3,3,3,3,3,3,3,5,4,3,3,1,1,1,1,1,1,1,1,2,2,2,2,2,2,3,3,3,3,4,4,4,4,4,5,5,5,5,3,3,3,3,3,4,5,3,2,1,5,5,1,3,1,2,4,1
281,4,5,5,5,4,5,5,5,3,3,4,4,5,3,4,4,5,5,4.75,4.75,3.8,4.2,5,5,5,5,5,5,5,1,3,3,2,3,4,4,3,3,3,4,3,2,4,4,4,3,4,4,4,3,3,2,2,3.25,3.4,3.75,2.5,2,2,3,6,2,2,1,1,5,2
282,3,3,5,3,4,4,4,4,3,3,3,4,4,5,5,5,4,4,3.5,4,3.4,4.6,4,4,4,4,1,1,3,2,3,1,3,3,3,3,4,4,4,4,2,2,4,4,4,4,3,3,3,2,2,1,1,4,3.2,3.25,1.5,2,1,6,5,1,2,2,2,6,1
283,2,4,4,4,4,4,4,4,3,3,3,4,4,4,4,4,4,5,3.5,4,3.4,4.2,2,2,3,3,1,2,3,1,2,1,2,4,4,3,4,4,4,4,3,3,3,4,4,3,4,4,4,3,3,3,3,4,3.4,3.75,3,2,1,4,3,2,3,2,1,4,3
284,4,4,5,5,4,4,4,1,3,3,3,5,5,5,5,5,5,5,4.5,3.25,3.8,5,4,4,4,4,4,2,4,4,4,1,4,4,4,4,4,4,4,4,4,4,3,4,4,5,4,3,3,4,3,3,3,4,3.8,3.75,3.25,2,2,4,3,3,3,2,1,9,1
285,4,4,5,5,5,5,5,5,4,3,3,5,5,5,5,5,5,5,4.5,5,4,5,4,4,4,4,3,3,4,4,4,2,4,5,5,5,5,5,5,4,4,4,4,4,5,4,2,3,3,4,4,3,4,4.75,4.2,3,3.75,2,1,5,3,2,3,3,3,8,1
286,4,4,5,5,4,4,4,5,3,3,3,5,5,4,4,4,5,5,4.5,4.25,3.8,4.4,4,4,5,4,4,3,4,4,3,3,4,5,4,4,4,5,5,4,3,3,5,5,5,4,4,4,4,4,4,4,4,4.5,4.2,4,4,2,1,5,5,1,1,3,2,7,1
287,4,4,5,5,5,5,5,5,3,3,3,5,5,4,4,4,5,5,4.5,5,3.8,4.4,4,4,4,4,4,3,3,3,4,2,4,4,5,5,4,4,4,4,3,3,5,5,4,4,4,5,5,4,4,3,4,4,4,4.5,3.75,2,2,3,1,4,1,1,1,4,3
288,3,3,4,4,5,5,5,5,3,3,2,5,5,4,4,4,3,5,3.5,5,3.6,4,5,5,5,5,4,4,4,4,3,3,4,4,5,5,4,4,4,5,3,2,3,3,5,4,4,3,3,4,3,3,4,4.25,3.2,3.5,3.5,2,2,4,3,3,2,1,1,4,4
289,3,3,4,4,4,4,4,4,3,3,3,3,3,4,4,4,5,5,3.5,4,3,4.4,4,4,3,3,3,3,4,4,3,3,4,4,5,5,5,5,5,4,3,3,4,4,5,4,3,4,5,4,4,4,3,4.75,3.8,4,3.75,2,3,4,4,4,4,1,1,4,4
290,4,4,4,5,5,5,5,5,4,4,4,5,5,4,4,4,5,5,4.25,5,4.4,4.4,3,3,3,3,5,3,4,4,4,3,4,5,5,5,4,4,4,4,3,3,4,5,4,4,3,4,4,4,3,3,3,4,3.8,3.75,3.25,2,3,3,1,3,1,1,1,2,1
291,3,4,4,4,1,1,3,5,4,4,4,5,5,4,4,4,4,5,3.75,2.5,4.4,4.2,2,2,3,3,4,2,1,1,3,4,3,4,5,4,4,4,4,4,3,3,4,4,4,3,3,3,3,3,3,3,3,4,3.6,3,3,2,2,4,4,4,2,1,1,2,1
292,3,4,4,4,3,3,3,5,4,4,4,5,5,5,5,5,5,4,3.75,3.5,4.4,4.8,3,3,4,4,2,2,1,1,2,3,3,4,4,4,4,4,4,4,2,2,4,4,4,3,3,4,4,4,4,3,3,4,3.2,3.5,3.5,2,1,5,6,2,2,2,2,1,2
293,4,4,4,5,2,2,4,5,4,4,4,4,4,5,5,5,5,5,4.25,3.25,4,5,5,5,5,5,3,2,4,4,4,3,4,5,5,5,4,4,4,3,3,3,4,4,4,4,4,4,4,4,5,3,4,3.75,3.6,4,4,2,2,4,3,3,3,2,2,4,4
294,4,4,4,4,2,2,4,4,3,3,4,4,5,4,4,4,4,5,4,3,3.8,4.2,3,3,3,3,5,3,4,4,4,4,3,5,5,5,4,4,4,3,4,4,4,4,4,5,3,5,5,4,4,3,5,3.75,4,4.5,4,2,2,2,3,3,2,1,1,7,1
295,3,3,3,5,3,3,3,5,4,4,4,5,5,4,4,4,4,4,3.5,3.5,4.4,4,4,4,4,4,4,4,5,5,4,4,5,5,5,5,4,4,4,5,3,3,4,4,5,4,3,4,4,4,4,3,5,4.25,3.8,3.75,4,2,2,1,1,1,1,1,1,8,1
296,4,4,4,5,1,1,5,5,2,2,2,5,5,4,4,5,5,5,4.25,3,3.2,4.6,4,4,5,5,3,2,1,1,3,4,3,4,4,4,4,4,4,3,3,3,4,4,4,4,3,3,3,4,3,3,3,3.75,3.6,3.25,3.25,2,1,6,4,1,4,2,2,1,2
297,4,4,5,5,1,1,5,5,3,3,3,4,4,4,4,4,4,4,4.5,3,3.4,4,4,4,4,4,5,5,4,4,4,4,4,5,5,5,3,3,5,4,4,4,4,5,5,4,4,5,5,3,3,3,3,3.75,4.4,4.5,3,2,2,3,1,4,3,1,1,3,1
298,4,4,4,4,3,3,4,4,5,5,5,5,5,4,4,4,4,4,4,3.5,5,4,5,5,5,5,3,3,3,1,4,3,4,4,4,4,4,4,4,4,4,3,3,4,4,4,4,3,3,4,3,3,3,4,3.6,3.5,3.25,2,2,4,2,2,2,1,1,9,1
299,5,5,5,5,3,3,4,4,3,3,3,4,4,4,4,4,4,4,5,3.5,3.4,4,4,4,4,4,4,3,3,3,4,4,4,5,5,4,4,4,4,3,4,3,4,4,4,3,3,4,4,4,4,4,4,3.75,3.8,3.5,4,2,1,6,4,1,4,2,3,6,1
300,4,4,4,5,2,2,4,4,3,3,3,4,4,4,4,4,4,5,4.25,3,3.4,4.2,4,4,4,4,3,4,4,4,4,4,4,5,5,5,4,4,5,5,3,3,5,5,5,4,4,5,5,4,4,3,3,4.5,4.2,4.5,3.5,2,1,5,3,1,5,1,1,1,2
